{
  "type": "FeatureCollection",
  "features": [
    {
      "type": "Feature",
      "properties": {
        "lganame": "Lagos Mainland",
        "lga_match": "lagos mainland",
        "ch4_2020": null,
        "no2_2020": 8.17395788199995e-05,
        "co_2020": 0.05609122490617626,
        "isi_2020": null,
        "hotspots_2020": null,
        "ch4_2021": null,
        "no2_2021": 0.00010071076026348639,
        "co_2021": 0.05539121965907474,
        "isi_2021": null,
        "hotspots_2021": null,
        "ch4_2022": null,
        "no2_2022": 9.668984621356447e-05,
        "co_2022": 0.05404714078959986,
        "isi_2022": null,
        "hotspots_2022": null,
        "ch4_2023": 1958.0615526451882,
        "no2_2023": 8.6799719331583e-05,
        "co_2023": 0.05207702871803155,
        "isi_2023": 783.2376706951566,
        "hotspots_2023": 0.044079958995386984,
        "ch4_2024": 1954.184069535536,
        "no2_2024": 8.380673192300761e-05,
        "co_2024": 0.05562538853630347,
        "isi_2024": 781.6875634937049,
        "hotspots_2024": 0.0,
        "ch4_2025": 1951.4072595334744,
        "no2_2025": 7.506304446682509e-05,
        "co_2025": 0.052652376754469765,
        "isi_2025": 780.5760931796436,
        "hotspots_2025": 0.0
      },
      "geometry": {
        "type": "Polygon",
        "coordinates": [
          [
            [
              3.399848308252899,
              6.523963336738632
            ],
            [
              3.4003201609467055,
              6.523885985150116
            ],
            [
              3.401887260188971,
              6.519971748897149
            ],
            [
              3.402865576884892,
              6.51761202857233
            ],
            [
              3.404640987891298,
              6.516124781933172
            ],
            [
              3.4050845227325794,
              6.515358537066902
            ],
            [
              3.404250809827033,
              6.507011005553522
            ],
            [
              3.4037596828630967,
              6.505709386179262
            ],
            [
              3.399539533222935,
              6.494974952332257
            ],
            [
              3.397867026242295,
              6.4909170466843875
            ],
            [
              3.3971167362484493,
              6.4910861318196
            ],
            [
              3.389893602807547,
              6.492842442125038
            ],
            [
              3.390436713283748,
              6.492107916347322
            ],
            [
              3.3915688131502293,
              6.490559942087714
            ],
            [
              3.3930680540474896,
              6.488490873654939
            ],
            [
              3.3928684288349586,
              6.487801725869019
            ],
            [
              3.3933580593269994,
              6.487234587306432
            ],
            [
              3.3934496255997715,
              6.486820935138098
            ],
            [
              3.393250131688262,
              6.486300283431376
            ],
            [
              3.39329575519497,
              6.485886666336626
            ],
            [
              3.3937850610317923,
              6.4849059448534945
            ],
            [
              3.3937390220382895,
              6.484783438305101
            ],
            [
              3.3929674289037735,
              6.48330727041423
            ],
            [
              3.3926801332816012,
              6.483116019688623
            ],
            [
              3.3920292066825937,
              6.483039934345527
            ],
            [
              3.3913774401167984,
              6.4818724515524195
            ],
            [
              3.391396258430632,
              6.481451197414856
            ],
            [
              3.3909939143377414,
              6.481011118668221
            ],
            [
              3.3906302842602827,
              6.481126283151468
            ],
            [
              3.390687447867492,
              6.480781588299692
            ],
            [
              3.390150397922582,
              6.479422541816916
            ],
            [
              3.389767243563483,
              6.479039891078173
            ],
            [
              3.3898706566055807,
              6.478622527407765
            ],
            [
              3.3889052757579066,
              6.477872694269479
            ],
            [
              3.3881695143116985,
              6.476992480118895
            ],
            [
              3.3878710886798444,
              6.477260771267652
            ],
            [
              3.387748468816824,
              6.477123004123371
            ],
            [
              3.3877943594221733,
              6.477054037813616
            ],
            [
              3.38799324719065,
              6.476793482633184
            ],
            [
              3.387870696575419,
              6.476747622604762
            ],
            [
              3.387748311435473,
              6.4769162131128155
            ],
            [
              3.387633477003419,
              6.476946935752551
            ],
            [
              3.3876640179801143,
              6.476832029374691
            ],
            [
              3.3875184725994814,
              6.476755551027907
            ],
            [
              3.3873959876347612,
              6.476793938589424
            ],
            [
              3.3873042936582465,
              6.477046754204366
            ],
            [
              3.387189418756691,
              6.477023863760337
            ],
            [
              3.3871357076468485,
              6.476878385828911
            ],
            [
              3.387166179375754,
              6.476671572335249
            ],
            [
              3.3870129888583733,
              6.47661041663747
            ],
            [
              3.3867986183615812,
              6.4766488752454165
            ],
            [
              3.3866530972626947,
              6.476603032304126
            ],
            [
              3.3866759400426645,
              6.476434518238477
            ],
            [
              3.3865686985866432,
              6.476380987892298
            ],
            [
              3.386515006362515,
              6.4762584858405035
            ],
            [
              3.3862164233493104,
              6.476319984179952
            ],
            [
              3.3861320201766603,
              6.476090281141637
            ],
            [
              3.3857949587703615,
              6.475899063690861
            ],
            [
              3.385656962299038,
              6.475677059748534
            ],
            [
              3.3855266676216615,
              6.475516321221278
            ],
            [
              3.38525858691429,
              6.475409300099159
            ],
            [
              3.3851590787285204,
              6.475455329200145
            ],
            [
              3.3850527329972806,
              6.475319224003044
            ],
            [
              3.3848325681685196,
              6.475290669628748
            ],
            [
              3.384631459074626,
              6.475147216970527
            ],
            [
              3.384334541605881,
              6.474879379979427
            ],
            [
              3.3842673469605415,
              6.474620941803096
            ],
            [
              3.3843627641302874,
              6.4742283490591035
            ],
            [
              3.3846497467884546,
              6.474017511998625
            ],
            [
              3.3846783668132048,
              6.473893032337628
            ],
            [
              3.384725926560293,
              6.473500475566539
            ],
            [
              3.384840493893705,
              6.473117442615944
            ],
            [
              3.3849352221828326,
              6.471815353795591
            ],
            [
              3.3848297919613515,
              6.47162396097707
            ],
            [
              3.384647609999263,
              6.471193283743105
            ],
            [
              3.384676186856609,
              6.471011362584363
            ],
            [
              3.3848195100124485,
              6.470685750447046
            ],
            [
              3.3839766177267734,
              6.469872625721166
            ],
            [
              3.3839570628682054,
              6.469326942284624
            ],
            [
              3.3836889578791443,
              6.469183539988421
            ],
            [
              3.3838323538800523,
              6.468953663380887
            ],
            [
              3.3833820480431314,
              6.468350863101875
            ],
            [
              3.3831138126523683,
              6.468035133614592
            ],
            [
              3.3825298064055005,
              6.467824953059164
            ],
            [
              3.38225218119328,
              6.467748571839195
            ],
            [
              3.381974520008157,
              6.467624323303937
            ],
            [
              3.381802315124787,
              6.4677297634178785
            ],
            [
              3.3813043775949723,
              6.467423778984255
            ],
            [
              3.380969183181321,
              6.467155968073541
            ],
            [
              3.380767878035215,
              6.46674445089576
            ],
            [
              3.3809112173788094,
              6.46643798622415
            ],
            [
              3.380681305697749,
              6.466170096173073
            ],
            [
              3.3804133472982016,
              6.466218164936436
            ],
            [
              3.3801930430745415,
              6.465998135005975
            ],
            [
              3.379361278100532,
              6.466226934225688
            ],
            [
              3.3790796643950216,
              6.466182673191838
            ],
            [
              3.3785183939087915,
              6.467119924145209
            ],
            [
              3.3780370003073585,
              6.468464424993272
            ],
            [
              3.3777620541754914,
              6.4694181668149895
            ],
            [
              3.37607396014522,
              6.46981002391351
            ],
            [
              3.3741500701696623,
              6.46974251270683
            ],
            [
              3.372323610046635,
              6.4694049458815925
            ],
            [
              3.3720313438714697,
              6.470249557671025
            ],
            [
              3.371297620288999,
              6.472105473288991
            ],
            [
              3.3705179719269154,
              6.473995885102056
            ],
            [
              3.3696109966502377,
              6.474542244828797
            ],
            [
              3.3688933700330495,
              6.474858698270339
            ],
            [
              3.367716288775739,
              6.47514676101423
            ],
            [
              3.366877847234889,
              6.47517034483559
            ],
            [
              3.3655573753726458,
              6.475711252872088
            ],
            [
              3.3644953263982416,
              6.476246227181662
            ],
            [
              3.3644602267581263,
              6.476264005879216
            ],
            [
              3.3662723283053424,
              6.480551709893518
            ],
            [
              3.3663489694294526,
              6.480647390564684
            ],
            [
              3.368290469029944,
              6.481182112164788
            ],
            [
              3.3686617001773698,
              6.481417290275772
            ],
            [
              3.36906402268653,
              6.4818535567962385
            ],
            [
              3.369098765295803,
              6.4822441377568225
            ],
            [
              3.368134699257041,
              6.483278795180297
            ],
            [
              3.366252225759638,
              6.484968954054011
            ],
            [
              3.3652497217972837,
              6.4858969608761186
            ],
            [
              3.3644543290041042,
              6.487245506874672
            ],
            [
              3.3642094813824883,
              6.48750608723617
            ],
            [
              3.363625893320375,
              6.489095345773649
            ],
            [
              3.3632923878334964,
              6.490003560316097
            ],
            [
              3.3653450085653276,
              6.490614798933848
            ],
            [
              3.3668950521649776,
              6.495101816095996
            ],
            [
              3.367600150326723,
              6.4959437883752
            ],
            [
              3.368030637803713,
              6.49824115600461
            ],
            [
              3.367327203387788,
              6.499696864318878
            ],
            [
              3.367175307894172,
              6.501427892882987
            ],
            [
              3.3679887132086037,
              6.503770936179819
            ],
            [
              3.3687096322437924,
              6.505286879286075
            ],
            [
              3.3691452269707156,
              6.505637175115567
            ],
            [
              3.3720633597363303,
              6.506423904739449
            ],
            [
              3.3717193753489596,
              6.507251323290006
            ],
            [
              3.3711244962985347,
              6.508629310394383
            ],
            [
              3.3708838611013334,
              6.509422185985159
            ],
            [
              3.370441155435003,
              6.510519046816626
            ],
            [
              3.3694506421334722,
              6.5129731491915095
            ],
            [
              3.367936905963461,
              6.516397796321314
            ],
            [
              3.367580777131195,
              6.516340612929014
            ],
            [
              3.3673509868585825,
              6.516263425017087
            ],
            [
              3.3670752790009715,
              6.516225330634541
            ],
            [
              3.366707717087536,
              6.516240915885589
            ],
            [
              3.3663172701259896,
              6.516379059845804
            ],
            [
              3.366003450798644,
              6.516586079284195
            ],
            [
              3.3658503780925457,
              6.516701073795559
            ],
            [
              3.3655979042199533,
              6.517022932162661
            ],
            [
              3.365475556851493,
              6.517268106238134
            ],
            [
              3.365774672263342,
              6.517903580685754
            ],
            [
              3.3663648505574315,
              6.518630750908471
            ],
            [
              3.366944728016847,
              6.5192290033159
            ],
            [
              3.36733558596859,
              6.519653789091137
            ],
            [
              3.367508121802416,
              6.519975338091456
            ],
            [
              3.367589023015057,
              6.520653094165027
            ],
            [
              3.36750840508887,
              6.523979199880216
            ],
            [
              3.3675037412047573,
              6.524388646818636
            ],
            [
              3.3676491876599357,
              6.5245120311054166
            ],
            [
              3.367834361666496,
              6.52466028794197
            ],
            [
              3.3680546838766077,
              6.524875534378452
            ],
            [
              3.3681776445826586,
              6.525033410363619
            ],
            [
              3.368232028385478,
              6.525223248254349
            ],
            [
              3.368289528339119,
              6.525314155324054
            ],
            [
              3.3686148877669098,
              6.525175098551983
            ],
            [
              3.3689484930785625,
              6.525401431830687
            ],
            [
              3.369108112849176,
              6.525511411722334
            ],
            [
              3.369155926205053,
              6.525444361867869
            ],
            [
              3.3692133479177073,
              6.525426768430691
            ],
            [
              3.3693027126500965,
              6.525458615222988
            ],
            [
              3.3697161552763646,
              6.525775837584888
            ],
            [
              3.370262041060414,
              6.526128066956801
            ],
            [
              3.3706387077102136,
              6.526335218595534
            ],
            [
              3.3711650053607514,
              6.526082724937851
            ],
            [
              3.3716243233039336,
              6.525868574774961
            ],
            [
              3.3723308172134807,
              6.525504254917507
            ],
            [
              3.3725816507226227,
              6.52598594439587
            ],
            [
              3.372727009943617,
              6.526226772947268
            ],
            [
              3.3731262019127257,
              6.52668760894602
            ],
            [
              3.3735556533707722,
              6.527075024292969
            ],
            [
              3.3738397977684826,
              6.5272950065593704
            ],
            [
              3.3740840572335173,
              6.527513424005349
            ],
            [
              3.374299595949651,
              6.527727075044538
            ],
            [
              3.374550183044562,
              6.52787368522246
            ],
            [
              3.3745593309483866,
              6.527923222578693
            ],
            [
              3.375046058428893,
              6.528094388745103
            ],
            [
              3.3752056458239394,
              6.5281580949201725
            ],
            [
              3.3757543653717335,
              6.528556588116089
            ],
            [
              3.3759339869639575,
              6.528741942886427
            ],
            [
              3.376065772717311,
              6.52896273724059
            ],
            [
              3.3760761823699568,
              6.528977825166521
            ],
            [
              3.3761229965790562,
              6.528939725388057
            ],
            [
              3.3766152297091594,
              6.528470648002042
            ],
            [
              3.3770596557785666,
              6.528077396954359
            ],
            [
              3.3773744841451503,
              6.527724133362085
            ],
            [
              3.3776474571644712,
              6.527402812789603
            ],
            [
              3.3781821032215475,
              6.52764973065058
            ],
            [
              3.3784673699731798,
              6.527767192901706
            ],
            [
              3.378738628884662,
              6.527820841058997
            ],
            [
              3.3792351895523893,
              6.527808499662569
            ],
            [
              3.379226772797381,
              6.527224114801129
            ],
            [
              3.3792342065934236,
              6.526502096794388
            ],
            [
              3.3795632496443204,
              6.526489883101647
            ],
            [
              3.379914258636177,
              6.5265175408518985
            ],
            [
              3.380428794053671,
              6.526541086901716
            ],
            [
              3.3809230038935425,
              6.526568779725437
            ],
            [
              3.380946315220342,
              6.526480163228996
            ],
            [
              3.3810341582998262,
              6.526185227865994
            ],
            [
              3.38113726557242,
              6.525822628411618
            ],
            [
              3.381236574108641,
              6.525498325687238
            ],
            [
              3.3813167585615815,
              6.525203396619531
            ],
            [
              3.3813409431300556,
              6.525116577867834
            ],
            [
              3.3815527451631056,
              6.525028339985965
            ],
            [
              3.382162653683565,
              6.524803217194744
            ],
            [
              3.38209226464636,
              6.5245492486489525
            ],
            [
              3.382043641001303,
              6.524385895792477
            ],
            [
              3.382045169848766,
              6.524038119863405
            ],
            [
              3.3821824909292673,
              6.524031937923667
            ],
            [
              3.3838456881280763,
              6.524030675275469
            ],
            [
              3.384667316843263,
              6.524032043144302
            ],
            [
              3.385469003092055,
              6.524033425402308
            ],
            [
              3.386079011437289,
              6.524036723216227
            ],
            [
              3.38743109896609,
              6.52402611211545
            ],
            [
              3.388041314155373,
              6.523996921920457
            ],
            [
              3.3888524900503967,
              6.523890987179357
            ],
            [
              3.3896564983487565,
              6.523801810405303
            ],
            [
              3.390202072068007,
              6.523736766038951
            ],
            [
              3.3905131511610307,
              6.523707804271794
            ],
            [
              3.3927027701167844,
              6.523636694877609
            ],
            [
              3.394016542929137,
              6.523597374719088
            ],
            [
              3.3953566173140644,
              6.52352931132873
            ],
            [
              3.3960170758274444,
              6.523488105291847
            ],
            [
              3.396179803655059,
              6.523485583592844
            ],
            [
              3.3964933999504865,
              6.523614581447816
            ],
            [
              3.3967398762443395,
              6.5236000268198495
            ],
            [
              3.397082099759132,
              6.523616511392959
            ],
            [
              3.3974649816236706,
              6.523601848846283
            ],
            [
              3.397766469447049,
              6.523548956119498
            ],
            [
              3.398032046441813,
              6.523479337801234
            ],
            [
              3.3980584424431868,
              6.523570267353989
            ],
            [
              3.39811527420062,
              6.523636583361679
            ],
            [
              3.3982092911259087,
              6.523677850552417
            ],
            [
              3.398403335145872,
              6.523936185306752
            ],
            [
              3.3985422399324534,
              6.524070106050601
            ],
            [
              3.398604455930922,
              6.524065270395965
            ],
            [
              3.3986474920881165,
              6.524014974911211
            ],
            [
              3.398862835651414,
              6.523971722916713
            ],
            [
              3.398927502302456,
              6.524038688234896
            ],
            [
              3.3990926591989137,
              6.5240816380572255
            ],
            [
              3.3993726757084914,
              6.524114923764785
            ],
            [
              3.399848308252899,
              6.523963336738632
            ]
          ]
        ]
      }
    },
    {
      "type": "Feature",
      "properties": {
        "lganame": "Lagos Island",
        "lga_match": "lagos island",
        "ch4_2020": null,
        "no2_2020": 6.103717054756109e-05,
        "co_2020": 0.05502651641995977,
        "isi_2020": null,
        "hotspots_2020": null,
        "ch4_2021": null,
        "no2_2021": 7.590760718349565e-05,
        "co_2021": 0.05392896176667909,
        "isi_2021": null,
        "hotspots_2021": null,
        "ch4_2022": null,
        "no2_2022": 7.328118727267137e-05,
        "co_2022": 0.05308030148038355,
        "isi_2022": null,
        "hotspots_2022": null,
        "ch4_2023": 1950.9208504153473,
        "no2_2023": 6.823583347966369e-05,
        "co_2023": 0.05151273344451579,
        "isi_2023": 780.3812422320407,
        "hotspots_2023": 0.1008054674151818,
        "ch4_2024": 1949.6972623937154,
        "no2_2024": 6.62093605721423e-05,
        "co_2024": 0.05525598887583842,
        "isi_2024": 779.8927421279816,
        "hotspots_2024": 0.0041656496623545675,
        "ch4_2025": 1935.591803398749,
        "no2_2025": 6.684776447367638e-05,
        "co_2025": 0.05232120912232302,
        "isi_2025": 774.2498250584979,
        "hotspots_2025": 0.008347571393702707
      },
      "geometry": {
        "type": "Polygon",
        "coordinates": [
          [
            [
              3.4041127737855277,
              6.458433403978461
            ],
            [
              3.4048401040875547,
              6.458340918598537
            ],
            [
              3.4056821707956146,
              6.458102823086847
            ],
            [
              3.4063480738046223,
              6.457795935733884
            ],
            [
              3.4071362108674634,
              6.457144298670471
            ],
            [
              3.4079088112426916,
              6.4562169519508075
            ],
            [
              3.408199224814439,
              6.455535076982244
            ],
            [
              3.4084894971925905,
              6.454677046408619
            ],
            [
              3.408511742822725,
              6.453773277215021
            ],
            [
              3.408119561968249,
              6.451667389638374
            ],
            [
              3.4077021056676813,
              6.449363572970583
            ],
            [
              3.4073600017626973,
              6.447342626361149
            ],
            [
              3.407181067252509,
              6.446193932204267
            ],
            [
              3.4068358561898435,
              6.4453670442537145
            ],
            [
              3.406312487631226,
              6.444362229033686
            ],
            [
              3.405409680712239,
              6.4429537836902
            ],
            [
              3.4040752711568985,
              6.441874481222385
            ],
            [
              3.4031600670834905,
              6.441530003107232
            ],
            [
              3.4030584373970214,
              6.441407646745574
            ],
            [
              3.402883645164138,
              6.440808715349988
            ],
            [
              3.4030097525980523,
              6.439335522416457
            ],
            [
              3.402219187365631,
              6.439483894366276
            ],
            [
              3.401910353879771,
              6.439902297652964
            ],
            [
              3.4017287492824266,
              6.440207202000806
            ],
            [
              3.4015359724072596,
              6.440504136556683
            ],
            [
              3.4009717818223066,
              6.441122081418996
            ],
            [
              3.4002449758250464,
              6.441853439784495
            ],
            [
              3.3995622698828925,
              6.442575598085455
            ],
            [
              3.399449416657319,
              6.442681953709268
            ],
            [
              3.3991854260665946,
              6.442890866220523
            ],
            [
              3.398801860717356,
              6.443177418103403
            ],
            [
              3.39824992159663,
              6.443559837716407
            ],
            [
              3.397579360099428,
              6.4440131949530155
            ],
            [
              3.3971661270152254,
              6.444304556410202
            ],
            [
              3.3969480243318912,
              6.444451096441014
            ],
            [
              3.3940424748803366,
              6.446472478322278
            ],
            [
              3.3928116771172654,
              6.447325482585029
            ],
            [
              3.3918295697788494,
              6.447983629840678
            ],
            [
              3.390885701613911,
              6.448587494017659
            ],
            [
              3.3895611890976625,
              6.44939647916425
            ],
            [
              3.3880490744053304,
              6.450255671661978
            ],
            [
              3.3869289463138443,
              6.450878811907671
            ],
            [
              3.3860892196418035,
              6.451360266663016
            ],
            [
              3.384716346981861,
              6.452108051145672
            ],
            [
              3.383850477917292,
              6.452515585226138
            ],
            [
              3.3834103658957133,
              6.452721750308569
            ],
            [
              3.3827789491891735,
              6.453081237209403
            ],
            [
              3.3825057450441705,
              6.453251933030344
            ],
            [
              3.382257030337712,
              6.453428275694421
            ],
            [
              3.3822464192368784,
              6.453457270736521
            ],
            [
              3.3820029988393685,
              6.453619860068557
            ],
            [
              3.3814692916745344,
              6.454097027755665
            ],
            [
              3.381107816372662,
              6.45451088137213
            ],
            [
              3.3804480737196627,
              6.4553959806400485
            ],
            [
              3.3801441037674067,
              6.455918931013912
            ],
            [
              3.379874752318017,
              6.456660134257845
            ],
            [
              3.3797660485643632,
              6.457205913921825
            ],
            [
              3.379778051815663,
              6.457900954065849
            ],
            [
              3.379766866048101,
              6.458303056241107
            ],
            [
              3.3798132962466525,
              6.458957859817417
            ],
            [
              3.3798136640693883,
              6.4594518610146
            ],
            [
              3.3797682429101314,
              6.460061187673716
            ],
            [
              3.379778493382787,
              6.460970680152798
            ],
            [
              3.379912995988036,
              6.461650308614878
            ],
            [
              3.3805648237076866,
              6.462970989119924
            ],
            [
              3.381493660604008,
              6.463544713417832
            ],
            [
              3.3815730473583017,
              6.462282436685143
            ],
            [
              3.3819464350799535,
              6.4624315056095725
            ],
            [
              3.3823477944152387,
              6.462439820741167
            ],
            [
              3.382443607286689,
              6.4625737801558785
            ],
            [
              3.383089780968646,
              6.462731260439341
            ],
            [
              3.3833243331515064,
              6.462807672236352
            ],
            [
              3.3841668657083233,
              6.463161262282483
            ],
            [
              3.3848323217542884,
              6.463500625053825
            ],
            [
              3.385339823574043,
              6.463801810705036
            ],
            [
              3.3857946601954723,
              6.464069528985647
            ],
            [
              3.3860675810540783,
              6.464256007908489
            ],
            [
              3.38612803168337,
              6.4642875552265195
            ],
            [
              3.3867026508067397,
              6.464741868442502
            ],
            [
              3.387497394289369,
              6.46517686512027
            ],
            [
              3.388239398829228,
              6.465482656199697
            ],
            [
              3.3888999499727674,
              6.465659264163776
            ],
            [
              3.3898811283114583,
              6.465821265339173
            ],
            [
              3.390345377237395,
              6.465878350705395
            ],
            [
              3.3907952478024868,
              6.465906726114554
            ],
            [
              3.391455653255832,
              6.465891857623205
            ],
            [
              3.3920777655764596,
              6.465867444626895
            ],
            [
              3.3923913960461505,
              6.465344560802862
            ],
            [
              3.392792877689203,
              6.464683668816292
            ],
            [
              3.3930740012642104,
              6.4643330573247795
            ],
            [
              3.3933608454267414,
              6.463953717889808
            ],
            [
              3.3936936071742707,
              6.4635456226324095
            ],
            [
              3.3939288896066273,
              6.46332716201897
            ],
            [
              3.39405788566296,
              6.463172607230092
            ],
            [
              3.3945858362673675,
              6.462682027053972
            ],
            [
              3.3951099683504253,
              6.462206766828899
            ],
            [
              3.39635340698419,
              6.461160357964218
            ],
            [
              3.39659828608211,
              6.460976353076262
            ],
            [
              3.397375020640766,
              6.460408986985215
            ],
            [
              3.3977948664399946,
              6.4601237948772905
            ],
            [
              3.3986893330463204,
              6.4595678240958705
            ],
            [
              3.3987212212074382,
              6.459547853750507
            ],
            [
              3.39927321878406,
              6.459255916727216
            ],
            [
              3.3994685479352142,
              6.459152048628198
            ],
            [
              3.3997077379218013,
              6.459040169368393
            ],
            [
              3.3999848298360575,
              6.458948203796638
            ],
            [
              3.4000266995725497,
              6.458944182028404
            ],
            [
              3.400293096749067,
              6.458852616655008
            ],
            [
              3.4009071160705844,
              6.4586905786073885
            ],
            [
              3.4014035373434126,
              6.458588467783613
            ],
            [
              3.4020494951881233,
              6.4584722771738825
            ],
            [
              3.402853007060685,
              6.4583938562914796
            ],
            [
              3.4037123776241742,
              6.458351289580378
            ],
            [
              3.4041127737855277,
              6.458433403978461
            ]
          ]
        ]
      }
    },
    {
      "type": "Feature",
      "properties": {
        "lganame": "Apapa",
        "lga_match": "apapa",
        "ch4_2020": null,
        "no2_2020": 6.348666725891881e-05,
        "co_2020": 0.056287719937142974,
        "isi_2020": null,
        "hotspots_2020": null,
        "ch4_2021": null,
        "no2_2021": 6.776049860571504e-05,
        "co_2021": 0.053814543014464145,
        "isi_2021": null,
        "hotspots_2021": null,
        "ch4_2022": 1960.7914172510436,
        "no2_2022": 6.662087857176022e-05,
        "co_2022": 0.05346087399084694,
        "isi_2022": 784.329901487181,
        "hotspots_2022": 1.0,
        "ch4_2023": 1958.4479772893844,
        "no2_2023": 6.526598858930008e-05,
        "co_2023": 0.05163077205092437,
        "isi_2023": 783.3921214518621,
        "hotspots_2023": 0.13229750850418312,
        "ch4_2024": 1962.169957986039,
        "no2_2024": 6.296971251055354e-05,
        "co_2024": 0.055293891094021316,
        "isi_2024": 784.8818287065886,
        "hotspots_2024": 0.1325733198492231,
        "ch4_2025": 1946.7429655165995,
        "no2_2025": 4.844544408281726e-05,
        "co_2025": 0.05189759214162822,
        "isi_2025": 778.7101775605806,
        "hotspots_2025": 0.0
      },
      "geometry": {
        "type": "Polygon",
        "coordinates": [
          [
            [
              3.3644953263982416,
              6.476246227181662
            ],
            [
              3.3655573753726458,
              6.475711252872088
            ],
            [
              3.366877847234889,
              6.47517034483559
            ],
            [
              3.367716288775739,
              6.47514676101423
            ],
            [
              3.3688933700330495,
              6.474858698270339
            ],
            [
              3.3696109966502377,
              6.474542244828797
            ],
            [
              3.3705179719269154,
              6.473995885102056
            ],
            [
              3.371297620288999,
              6.472105473288991
            ],
            [
              3.3720313438714697,
              6.470249557671025
            ],
            [
              3.372323610046635,
              6.4694049458815925
            ],
            [
              3.3741500701696623,
              6.46974251270683
            ],
            [
              3.37607396014522,
              6.46981002391351
            ],
            [
              3.3777620541754914,
              6.4694181668149895
            ],
            [
              3.3780370003073585,
              6.468464424993272
            ],
            [
              3.3785183939087915,
              6.467119924145209
            ],
            [
              3.3790796643950216,
              6.466182673191838
            ],
            [
              3.379361278100532,
              6.466226934225688
            ],
            [
              3.381493660604008,
              6.463544713417832
            ],
            [
              3.3805648237076866,
              6.462970989119924
            ],
            [
              3.379912995988036,
              6.461650308614878
            ],
            [
              3.379778493382787,
              6.460970680152798
            ],
            [
              3.3797682429101314,
              6.460061187673716
            ],
            [
              3.3798136640693883,
              6.4594518610146
            ],
            [
              3.3798132962466525,
              6.458957859817417
            ],
            [
              3.379766866048101,
              6.458303056241107
            ],
            [
              3.379778051815663,
              6.457900954065849
            ],
            [
              3.3797660485643632,
              6.457205913921825
            ],
            [
              3.379874752318017,
              6.456660134257845
            ],
            [
              3.3801441037674067,
              6.455918931013912
            ],
            [
              3.3804480737196627,
              6.4553959806400485
            ],
            [
              3.381107816372662,
              6.45451088137213
            ],
            [
              3.3814692916745344,
              6.454097027755665
            ],
            [
              3.3820029988393685,
              6.453619860068557
            ],
            [
              3.3822464192368784,
              6.453457270736521
            ],
            [
              3.382257030337712,
              6.453428275694421
            ],
            [
              3.3825057450441705,
              6.453251933030344
            ],
            [
              3.3827789491891735,
              6.453081237209403
            ],
            [
              3.3834103658957133,
              6.452721750308569
            ],
            [
              3.383850477917292,
              6.452515585226138
            ],
            [
              3.384716346981861,
              6.452108051145672
            ],
            [
              3.3860892196418035,
              6.451360266663016
            ],
            [
              3.3869289463138443,
              6.450878811907671
            ],
            [
              3.3880490744053304,
              6.450255671661978
            ],
            [
              3.3895611890976625,
              6.44939647916425
            ],
            [
              3.390885701613911,
              6.448587494017659
            ],
            [
              3.3918295697788494,
              6.447983629840678
            ],
            [
              3.3928116771172654,
              6.447325482585029
            ],
            [
              3.3940424748803366,
              6.446472478322278
            ],
            [
              3.3969480243318912,
              6.444451096441014
            ],
            [
              3.3971661270152254,
              6.444304556410202
            ],
            [
              3.397579360099428,
              6.4440131949530155
            ],
            [
              3.39824992159663,
              6.443559837716407
            ],
            [
              3.398801860717356,
              6.443177418103403
            ],
            [
              3.3991854260665946,
              6.442890866220523
            ],
            [
              3.399449416657319,
              6.442681953709268
            ],
            [
              3.3995622698828925,
              6.442575598085455
            ],
            [
              3.4002449758250464,
              6.441853439784495
            ],
            [
              3.4009717818223066,
              6.441122081418996
            ],
            [
              3.4015359724072596,
              6.440504136556683
            ],
            [
              3.4017287492824266,
              6.440207202000806
            ],
            [
              3.401910353879771,
              6.439902297652964
            ],
            [
              3.402219187365631,
              6.439483894366276
            ],
            [
              3.4030097525980523,
              6.439335522416457
            ],
            [
              3.403046307341242,
              6.4371431272535915
            ],
            [
              3.4028420587141,
              6.436439049822354
            ],
            [
              3.402962235119105,
              6.434190596319013
            ],
            [
              3.403018422062587,
              6.432620472656708
            ],
            [
              3.4030080870536494,
              6.429219918364595
            ],
            [
              3.402781499266837,
              6.428301026171482
            ],
            [
              3.4022935352185186,
              6.426034367691955
            ],
            [
              3.401802321020341,
              6.424499140423052
            ],
            [
              3.401567930715487,
              6.423388778969013
            ],
            [
              3.4012677559022677,
              6.421374716669902
            ],
            [
              3.4010286279688557,
              6.419096372399736
            ],
            [
              3.4006778357136227,
              6.415987122008119
            ],
            [
              3.4005890897147424,
              6.4150910959773455
            ],
            [
              3.400168933649411,
              6.411384502392934
            ],
            [
              3.4002715471942224,
              6.4104270562637
            ],
            [
              3.3975153256718045,
              6.409448030002636
            ],
            [
              3.3843844809590564,
              6.409898164968411
            ],
            [
              3.3800978318495254,
              6.407384181235045
            ],
            [
              3.377091507067462,
              6.398044023013313
            ],
            [
              3.359591686607075,
              6.397662151986765
            ],
            [
              3.3544554686450283,
              6.424548690369818
            ],
            [
              3.3542750727364705,
              6.4247115872699965
            ],
            [
              3.342527718979113,
              6.42755361760544
            ],
            [
              3.332050874348397,
              6.4298963011734145
            ],
            [
              3.33188235308819,
              6.434203631092771
            ],
            [
              3.3317246003101104,
              6.437407102555767
            ],
            [
              3.331973490384314,
              6.4374823344422225
            ],
            [
              3.3345462421154366,
              6.4376759602773745
            ],
            [
              3.334649704620233,
              6.437825242341091
            ],
            [
              3.334879282652821,
              6.4376412761240545
            ],
            [
              3.335625855748674,
              6.43772120516951
            ],
            [
              3.3359017443700623,
              6.438100144406178
            ],
            [
              3.3364988852154056,
              6.437984865709041
            ],
            [
              3.336820396444182,
              6.43788125841337
            ],
            [
              3.337050071603585,
              6.43784664080988
            ],
            [
              3.3370796583995457,
              6.438062606703966
            ],
            [
              3.337675748836773,
              6.437980634398798
            ],
            [
              3.3385990108357078,
              6.4378871282883665
            ],
            [
              3.3393983948201367,
              6.437835886716869
            ],
            [
              3.3399555625991866,
              6.438059540915106
            ],
            [
              3.3409546338493215,
              6.437880804255769
            ],
            [
              3.341885319751725,
              6.437582145699537
            ],
            [
              3.3438106252601756,
              6.436847800685484
            ],
            [
              3.345073758147464,
              6.4365405913752625
            ],
            [
              3.347724835432871,
              6.436510071982298
            ],
            [
              3.3484715029575227,
              6.4367297592710315
            ],
            [
              3.349059825050915,
              6.436973870347913
            ],
            [
              3.3490602657187196,
              6.437199610973323
            ],
            [
              3.3490058486410703,
              6.43766519359383
            ],
            [
              3.3490353850750125,
              6.438871461448855
            ],
            [
              3.3490369031306386,
              6.441094474930139
            ],
            [
              3.3490726340948527,
              6.442961323606255
            ],
            [
              3.3491766002199483,
              6.4438401186266105
            ],
            [
              3.349475691350108,
              6.444540709386274
            ],
            [
              3.3501887736929916,
              6.44601074120277
            ],
            [
              3.3514943114133757,
              6.448881955437969
            ],
            [
              3.3514725559137446,
              6.450645445930661
            ],
            [
              3.351433751066793,
              6.452667439350876
            ],
            [
              3.3510547407836953,
              6.452673444124173
            ],
            [
              3.350469065395089,
              6.452777242975458
            ],
            [
              3.3506704469835995,
              6.453345782681765
            ],
            [
              3.3508600726343047,
              6.453517978571881
            ],
            [
              3.350918112181205,
              6.454408293008385
            ],
            [
              3.3510217005910476,
              6.45472989776664
            ],
            [
              3.351033641789172,
              6.454849209023848
            ],
            [
              3.351452459663335,
              6.454815765035562
            ],
            [
              3.352141648818076,
              6.454918684349877
            ],
            [
              3.353054830316239,
              6.455061657669432
            ],
            [
              3.3542780342039578,
              6.455089531256931
            ],
            [
              3.356148276022168,
              6.455160985990744
            ],
            [
              3.3561201740068896,
              6.457479011946873
            ],
            [
              3.3561897275739057,
              6.458398038139023
            ],
            [
              3.356443153828536,
              6.4594662852409215
            ],
            [
              3.356236834962033,
              6.460063828083264
            ],
            [
              3.356225880320153,
              6.460822071681321
            ],
            [
              3.356134726836217,
              6.461867583921901
            ],
            [
              3.3561675466949623,
              6.463142959280219
            ],
            [
              3.3561403727800325,
              6.463533726400385
            ],
            [
              3.3560381612322203,
              6.463821009432081
            ],
            [
              3.355944202762771,
              6.464033468869559
            ],
            [
              3.3554682059929632,
              6.464967236748635
            ],
            [
              3.355483225570424,
              6.465915022360434
            ],
            [
              3.3555008253028973,
              6.466446349919181
            ],
            [
              3.3555239073025405,
              6.466604299648736
            ],
            [
              3.354779176018212,
              6.466537596033277
            ],
            [
              3.353482275386739,
              6.4665528593270665
            ],
            [
              3.353178470909768,
              6.466675134749721
            ],
            [
              3.3526283376277206,
              6.466989054801104
            ],
            [
              3.352078143191818,
              6.467214417711261
            ],
            [
              3.350908198054924,
              6.467430635415553
            ],
            [
              3.3509332270867844,
              6.469024637876771
            ],
            [
              3.350900034009385,
              6.469469838262455
            ],
            [
              3.35081701489338,
              6.470530182122275
            ],
            [
              3.3506596946892273,
              6.471411070764361
            ],
            [
              3.350417120553743,
              6.472465031236254
            ],
            [
              3.3503560368017133,
              6.472717818972228
            ],
            [
              3.350386745052276,
              6.47283268218257
            ],
            [
              3.350463364592656,
              6.472901560358764
            ],
            [
              3.3500110874417715,
              6.472903098199481
            ],
            [
              3.349451968133849,
              6.472689031673497
            ],
            [
              3.3488314296268413,
              6.472237580999604
            ],
            [
              3.3479581078804017,
              6.471640780097971
            ],
            [
              3.347337645815742,
              6.471296551994328
            ],
            [
              3.3470159268435964,
              6.471120614924473
            ],
            [
              3.3464875130883343,
              6.471013750284385
            ],
            [
              3.345966864978891,
              6.4710677177010325
            ],
            [
              3.3454309607702726,
              6.471205942600193
            ],
            [
              3.3447956535965773,
              6.471551027757755
            ],
            [
              3.3439232392661324,
              6.47228688003554
            ],
            [
              3.3426910385606448,
              6.473176152157748
            ],
            [
              3.3419792836170927,
              6.473712758736895
            ],
            [
              3.341466413744058,
              6.473950531391949
            ],
            [
              3.3406088526165263,
              6.4740123786683625
            ],
            [
              3.3398508500367257,
              6.474097135274633
            ],
            [
              3.33877777267611,
              6.474598510013266
            ],
            [
              3.3410774407713006,
              6.476248480882759
            ],
            [
              3.3416520041367335,
              6.476654020266892
            ],
            [
              3.342900655241067,
              6.477434392583177
            ],
            [
              3.3435747231949904,
              6.477778590109892
            ],
            [
              3.344509173659503,
              6.47817622355393
            ],
            [
              3.3449843097781127,
              6.478372747904018
            ],
            [
              3.345712182371358,
              6.4786413753992065
            ],
            [
              3.346860965561177,
              6.478931631589603
            ],
            [
              3.3480173228412013,
              6.479099337164712
            ],
            [
              3.348231463111574,
              6.478716243060205
            ],
            [
              3.3487670588527294,
              6.478118477186001
            ],
            [
              3.349073136815832,
              6.477811908193075
            ],
            [
              3.3504901392086026,
              6.478415989106679
            ],
            [
              3.3514168905770703,
              6.478744684119931
            ],
            [
              3.3517231753842793,
              6.478736813253363
            ],
            [
              3.3522974033025434,
              6.478644506838577
            ],
            [
              3.352840853722455,
              6.478337770571727
            ],
            [
              3.352809979996607,
              6.477985480945222
            ],
            [
              3.352725527361258,
              6.47766386359649
            ],
            [
              3.353223192396456,
              6.477586928394089
            ],
            [
              3.3534681542319618,
              6.47748719178054
            ],
            [
              3.353812188981408,
              6.476713398004961
            ],
            [
              3.354248167718822,
              6.476023787967506
            ],
            [
              3.3544086553352486,
              6.475571797700354
            ],
            [
              3.35465335816599,
              6.475104430824899
            ],
            [
              3.355104821430416,
              6.474659895937521
            ],
            [
              3.355564068327112,
              6.474399170785148
            ],
            [
              3.3554793521904003,
              6.4737022663465495
            ],
            [
              3.355531165730781,
              6.473337917710808
            ],
            [
              3.356227864224593,
              6.47319191007864
            ],
            [
              3.357361011801288,
              6.473037935352465
            ],
            [
              3.358547776958403,
              6.4729068978351165
            ],
            [
              3.358930698393067,
              6.472998535154318
            ],
            [
              3.359228034945886,
              6.472975984653999
            ],
            [
              3.359716786800334,
              6.473837270773458
            ],
            [
              3.360100016702461,
              6.474363553135504
            ],
            [
              3.3613350322859787,
              6.474783917843581
            ],
            [
              3.362655510443517,
              6.474246850811539
            ],
            [
              3.3633538906695435,
              6.4738936852454
            ],
            [
              3.364408932126537,
              6.475895891782045
            ],
            [
              3.3644953263982416,
              6.476246227181662
            ]
          ]
        ]
      }
    },
    {
      "type": "Feature",
      "properties": {
        "lganame": "Mushin",
        "lga_match": "mushin",
        "ch4_2020": 1919.3115623366652,
        "no2_2020": 9.635719873468356e-05,
        "co_2020": 0.05716669218301118,
        "isi_2020": 767.7390440837743,
        "hotspots_2020": 0.0,
        "ch4_2021": null,
        "no2_2021": 0.00011373428154706933,
        "co_2021": 0.05597182584116338,
        "isi_2021": null,
        "hotspots_2021": null,
        "ch4_2022": 1973.4372855314539,
        "no2_2022": 0.00010688737757015824,
        "co_2022": 0.05455361349428724,
        "isi_2022": 789.3884964170028,
        "hotspots_2022": 1.0,
        "ch4_2023": 1962.588151148691,
        "no2_2023": 0.00010446443433217868,
        "co_2023": 0.05192455878701438,
        "isi_2023": 785.0482781617254,
        "hotspots_2023": 0.37969588550983907,
        "ch4_2024": 1964.8996740753523,
        "no2_2024": 9.42466202639253e-05,
        "co_2024": 0.056235477500850437,
        "isi_2024": 785.9739614858332,
        "hotspots_2024": 0.3403398926654741,
        "ch4_2025": 1958.9778252775209,
        "no2_2025": 8.332776324450118e-05,
        "co_2025": 0.05281663264816238,
        "isi_2025": 783.6043634338878,
        "hotspots_2025": 0.7193649373881933
      },
      "geometry": {
        "type": "Polygon",
        "coordinates": [
          [
            [
              3.366925915098932,
              6.558478963433458
            ],
            [
              3.366864548959825,
              6.556946960234086
            ],
            [
              3.3668921554486815,
              6.555424729967342
            ],
            [
              3.366954206871185,
              6.553005743420385
            ],
            [
              3.3669941565551085,
              6.550909084686566
            ],
            [
              3.3670059142915534,
              6.549530470754689
            ],
            [
              3.3670461121883477,
              6.547772081216635
            ],
            [
              3.3670565596125925,
              6.546955270169633
            ],
            [
              3.367079732443756,
              6.54574563435358
            ],
            [
              3.3671279406020176,
              6.543748404665166
            ],
            [
              3.3671749121924677,
              6.541433143225049
            ],
            [
              3.367207088136638,
              6.539614124991942
            ],
            [
              3.3672136118187836,
              6.539281683403033
            ],
            [
              3.367244006205965,
              6.537732874572555
            ],
            [
              3.3672598585556557,
              6.536674204351073
            ],
            [
              3.3672695739317646,
              6.536199969353163
            ],
            [
              3.3673252788386208,
              6.532703039213914
            ],
            [
              3.3673738898931447,
              6.530961434622554
            ],
            [
              3.3674354808628095,
              6.528100517624864
            ],
            [
              3.367442072893425,
              6.527751270404849
            ],
            [
              3.3674677530344184,
              6.526868081296982
            ],
            [
              3.3674952084371625,
              6.525135228907743
            ],
            [
              3.3674991465684343,
              6.524790150944739
            ],
            [
              3.36750128155893,
              6.524603154012368
            ],
            [
              3.3675037412047573,
              6.524388646818636
            ],
            [
              3.36750840508887,
              6.523979199880216
            ],
            [
              3.367589023015057,
              6.520653094165027
            ],
            [
              3.367508121802416,
              6.519975338091456
            ],
            [
              3.36733558596859,
              6.519653789091137
            ],
            [
              3.366944728016847,
              6.5192290033159
            ],
            [
              3.3663648505574315,
              6.518630750908471
            ],
            [
              3.365774672263342,
              6.517903580685754
            ],
            [
              3.365475556851493,
              6.517268106238134
            ],
            [
              3.3654341241855263,
              6.517285980263807
            ],
            [
              3.3654036794363265,
              6.517542575729351
            ],
            [
              3.3653925080578233,
              6.517979142623403
            ],
            [
              3.3653967528579187,
              6.518553560298642
            ],
            [
              3.3652593247580853,
              6.519124250283994
            ],
            [
              3.3652135168903214,
              6.519315756417086
            ],
            [
              3.3648693931080516,
              6.519978502805714
            ],
            [
              3.364647604103709,
              6.5203769267538405
            ],
            [
              3.363985385617127,
              6.520049747997518
            ],
            [
              3.3625299282136893,
              6.519399786371082
            ],
            [
              3.362261671239196,
              6.519074473708031
            ],
            [
              3.360841880048781,
              6.514748194173876
            ],
            [
              3.3586389133552075,
              6.512835028613722
            ],
            [
              3.358548668186529,
              6.51278377894829
            ],
            [
              3.358261525449109,
              6.513030293913005
            ],
            [
              3.357871330297712,
              6.513524572101346
            ],
            [
              3.3575843836124477,
              6.513834962313695
            ],
            [
              3.3565049327564793,
              6.514249307859302
            ],
            [
              3.356286759026773,
              6.51435285759834
            ],
            [
              3.3551160512648153,
              6.515674849314905
            ],
            [
              3.352280596772175,
              6.518192798159134
            ],
            [
              3.352142420436394,
              6.517710381129234
            ],
            [
              3.3521302840853764,
              6.5167798283264915
            ],
            [
              3.3520266480114174,
              6.516412270909598
            ],
            [
              3.3518312136396275,
              6.516182638917712
            ],
            [
              3.3517042680375653,
              6.515332585330611
            ],
            [
              3.34856855689344,
              6.515553039741064
            ],
            [
              3.3484990186148593,
              6.514656991227184
            ],
            [
              3.3486041817376417,
              6.512766388757882
            ],
            [
              3.3486143692578025,
              6.512583251715739
            ],
            [
              3.3477051879441433,
              6.5122835724289985
            ],
            [
              3.3457636289883226,
              6.511813879007377
            ],
            [
              3.344155427131284,
              6.5117000931848
            ],
            [
              3.342784395383603,
              6.511708699696783
            ],
            [
              3.341997536257338,
              6.511669024306059
            ],
            [
              3.3408831296527524,
              6.511365334042978
            ],
            [
              3.3399526433998403,
              6.511256820945562
            ],
            [
              3.33887863524086,
              6.5112403102921235
            ],
            [
              3.3381836607474042,
              6.511189077713823
            ],
            [
              3.3376616456684474,
              6.51110977999241
            ],
            [
              3.3376154699780045,
              6.510765157985702
            ],
            [
              3.3375117529650993,
              6.510259736297826
            ],
            [
              3.3374541585826023,
              6.5100185183400185
            ],
            [
              3.3373046876612307,
              6.509800337415697
            ],
            [
              3.336787555001706,
              6.509444541332584
            ],
            [
              3.3366036328514497,
              6.50923787173042
            ],
            [
              3.3363162850685626,
              6.5089623410392505
            ],
            [
              3.3361653140780163,
              6.508790602904071
            ],
            [
              3.3359024566331072,
              6.5084915900148985
            ],
            [
              3.3355921149841947,
              6.508181608094787
            ],
            [
              3.335143889279095,
              6.507802786669345
            ],
            [
              3.33476459840756,
              6.507446897056695
            ],
            [
              3.3344541812155626,
              6.507022030342455
            ],
            [
              3.3341437190574084,
              6.5065282332913625
            ],
            [
              3.3339251271429475,
              6.505999908568981
            ],
            [
              3.3337640882421056,
              6.505655362105301
            ],
            [
              3.333580131018266,
              6.505391250106129
            ],
            [
              3.333315715048286,
              6.505046771091656
            ],
            [
              3.332338761724543,
              6.504128339351439
            ],
            [
              3.332103518862368,
              6.503893931060134
            ],
            [
              3.331944084352074,
              6.503730126744017
            ],
            [
              3.3307625325648473,
              6.5025161966651694
            ],
            [
              3.3303027119006856,
              6.501957393019325
            ],
            [
              3.329467416188379,
              6.501008226048839
            ],
            [
              3.3283794829268345,
              6.500151128971481
            ],
            [
              3.3276773723129054,
              6.499694023360519
            ],
            [
              3.3267389000802154,
              6.499043618368319
            ],
            [
              3.326595166833556,
              6.498804368127139
            ],
            [
              3.326623777865109,
              6.498641597132064
            ],
            [
              3.32654582103288,
              6.498777530558641
            ],
            [
              3.326131992597425,
              6.4990243207158755
            ],
            [
              3.325557992207621,
              6.499515343358439
            ],
            [
              3.3252590116940723,
              6.4997381243150585
            ],
            [
              3.3242065656805266,
              6.500471187795142
            ],
            [
              3.323795141132905,
              6.500737121820748
            ],
            [
              3.3228167713769494,
              6.501309776824769
            ],
            [
              3.3222886490020187,
              6.501563548419085
            ],
            [
              3.322803698831706,
              6.5032650936092296
            ],
            [
              3.3236966707647753,
              6.506103446616805
            ],
            [
              3.323928274969944,
              6.506803195611042
            ],
            [
              3.3241275899163725,
              6.507405385250365
            ],
            [
              3.3244116902473593,
              6.5082637350833465
            ],
            [
              3.324945266111172,
              6.509281979879518
            ],
            [
              3.324958333260497,
              6.509307865965297
            ],
            [
              3.3252965493962847,
              6.509868356739332
            ],
            [
              3.3256767530797333,
              6.510282426193044
            ],
            [
              3.3262512436000407,
              6.510908083641198
            ],
            [
              3.3269759011170095,
              6.511469273188482
            ],
            [
              3.3278026307868345,
              6.511979335378101
            ],
            [
              3.3285474726877737,
              6.512337915762259
            ],
            [
              3.3297687376371528,
              6.512925851147145
            ],
            [
              3.3302150990476207,
              6.513147134732549
            ],
            [
              3.3307412114377826,
              6.513407954313664
            ],
            [
              3.3311316242251223,
              6.513601501008509
            ],
            [
              3.332146713300233,
              6.51426141902931
            ],
            [
              3.332625580706008,
              6.514650435169472
            ],
            [
              3.333146014776787,
              6.515170262197898
            ],
            [
              3.333402769422321,
              6.515510383097762
            ],
            [
              3.3335862679919046,
              6.515753462652242
            ],
            [
              3.3337527891599166,
              6.515974051960995
            ],
            [
              3.334369288811672,
              6.51700760321836
            ],
            [
              3.334574863938883,
              6.517668925080898
            ],
            [
              3.3347689861997765,
              6.518293404417136
            ],
            [
              3.334896991203209,
              6.518858166970858
            ],
            [
              3.3349953833303516,
              6.519674206399543
            ],
            [
              3.3351351649559433,
              6.52101513693907
            ],
            [
              3.3353293528674044,
              6.522877980034821
            ],
            [
              3.3354402626580395,
              6.523985081446426
            ],
            [
              3.3357929731672016,
              6.527505805848307
            ],
            [
              3.336069056941483,
              6.530013927800553
            ],
            [
              3.3362621953440907,
              6.531618135768383
            ],
            [
              3.3363296615846707,
              6.53230580057226
            ],
            [
              3.3364837793030233,
              6.533736963689989
            ],
            [
              3.336803250869366,
              6.536697572335129
            ],
            [
              3.3371051667700726,
              6.539642873619755
            ],
            [
              3.3371129423084653,
              6.539817640671629
            ],
            [
              3.3372350162830458,
              6.54103980044647
            ],
            [
              3.3373184670736578,
              6.541767342988521
            ],
            [
              3.337376223334104,
              6.5422427983664875
            ],
            [
              3.3374535236612246,
              6.54331499798883
            ],
            [
              3.337492677445141,
              6.544597844914676
            ],
            [
              3.337486648390154,
              6.545124401569922
            ],
            [
              3.3374935605793894,
              6.545915821158246
            ],
            [
              3.337497004982822,
              6.546292384386106
            ],
            [
              3.337535627267414,
              6.546783807226973
            ],
            [
              3.3376253229503163,
              6.547303915743157
            ],
            [
              3.337762620648448,
              6.547830376170964
            ],
            [
              3.3378585198548762,
              6.548083615366579
            ],
            [
              3.338039442766103,
              6.548518371925354
            ],
            [
              3.3382982181882426,
              6.54897454314073
            ],
            [
              3.338566533618689,
              6.549382838946883
            ],
            [
              3.338898661344217,
              6.549778328407172
            ],
            [
              3.339323348194,
              6.550205664659757
            ],
            [
              3.339846943381758,
              6.550613787796124
            ],
            [
              3.341098258278066,
              6.551283097437022
            ],
            [
              3.3418164271864157,
              6.551576200881016
            ],
            [
              3.343587935135133,
              6.552331312140382
            ],
            [
              3.3463712802104624,
              6.553506960777668
            ],
            [
              3.3488258817091037,
              6.554561556170938
            ],
            [
              3.350424986923656,
              6.5551603913390295
            ],
            [
              3.3518134502305656,
              6.555701927102291
            ],
            [
              3.351942905840474,
              6.555511392237008
            ],
            [
              3.352117000199428,
              6.555618818054086
            ],
            [
              3.353988538840042,
              6.556652695765365
            ],
            [
              3.35604736039744,
              6.557532015989807
            ],
            [
              3.3572539358205518,
              6.558057709295895
            ],
            [
              3.358259254660936,
              6.558267611960787
            ],
            [
              3.35997286155839,
              6.558314254399363
            ],
            [
              3.3640701683036696,
              6.558378312209413
            ],
            [
              3.366291145719856,
              6.558424564342204
            ],
            [
              3.366861745773008,
              6.558483755021314
            ],
            [
              3.366925915098932,
              6.558478963433458
            ]
          ]
        ]
      }
    },
    {
      "type": "Feature",
      "properties": {
        "lganame": "Surulere",
        "lga_match": "surulere",
        "ch4_2020": null,
        "no2_2020": 8.309422525727967e-05,
        "co_2020": 0.0568616297866697,
        "isi_2020": null,
        "hotspots_2020": null,
        "ch4_2021": null,
        "no2_2021": 9.510657385789405e-05,
        "co_2021": 0.05492913356471177,
        "isi_2021": null,
        "hotspots_2021": null,
        "ch4_2022": 1963.0299702752568,
        "no2_2022": 9.185307325065389e-05,
        "co_2022": 0.05388242663150569,
        "isi_2022": 785.2254565600149,
        "hotspots_2022": 1.0,
        "ch4_2023": 1965.553202980048,
        "no2_2023": 8.864063409747698e-05,
        "co_2023": 0.05163690125923609,
        "isi_2023": 786.2342214415562,
        "hotspots_2023": 0.7740220281048235,
        "ch4_2024": 1962.7169668167126,
        "no2_2024": 8.391890937853182e-05,
        "co_2024": 0.05555935931081644,
        "isi_2024": 785.1007059381311,
        "hotspots_2024": 0.19799974680339286,
        "ch4_2025": 1956.9355007029822,
        "no2_2025": 6.77832212535864e-05,
        "co_2025": 0.052516206941815274,
        "isi_2025": 782.7873530570562,
        "hotspots_2025": 0.20179769591087482
      },
      "geometry": {
        "type": "Polygon",
        "coordinates": [
          [
            [
              3.365475556851493,
              6.517268106238134
            ],
            [
              3.3655979042199533,
              6.517022932162661
            ],
            [
              3.3658503780925457,
              6.516701073795559
            ],
            [
              3.366003450798644,
              6.516586079284195
            ],
            [
              3.3663172701259896,
              6.516379059845804
            ],
            [
              3.366707717087536,
              6.516240915885589
            ],
            [
              3.3670752790009715,
              6.516225330634541
            ],
            [
              3.3673509868585825,
              6.516263425017087
            ],
            [
              3.367580777131195,
              6.516340612929014
            ],
            [
              3.367936905963461,
              6.516397796321314
            ],
            [
              3.3694506421334722,
              6.5129731491915095
            ],
            [
              3.370441155435003,
              6.510519046816626
            ],
            [
              3.3708838611013334,
              6.509422185985159
            ],
            [
              3.3711244962985347,
              6.508629310394383
            ],
            [
              3.3717193753489596,
              6.507251323290006
            ],
            [
              3.3720633597363303,
              6.506423904739449
            ],
            [
              3.3691452269707156,
              6.505637175115567
            ],
            [
              3.3687096322437924,
              6.505286879286075
            ],
            [
              3.3679887132086037,
              6.503770936179819
            ],
            [
              3.367175307894172,
              6.501427892882987
            ],
            [
              3.367327203387788,
              6.499696864318878
            ],
            [
              3.368030637803713,
              6.49824115600461
            ],
            [
              3.367600150326723,
              6.4959437883752
            ],
            [
              3.3668950521649776,
              6.495101816095996
            ],
            [
              3.3653450085653276,
              6.490614798933848
            ],
            [
              3.3632923878334964,
              6.490003560316097
            ],
            [
              3.363625893320375,
              6.489095345773649
            ],
            [
              3.3642094813824883,
              6.48750608723617
            ],
            [
              3.3644543290041042,
              6.487245506874672
            ],
            [
              3.3652497217972837,
              6.4858969608761186
            ],
            [
              3.366252225759638,
              6.484968954054011
            ],
            [
              3.368134699257041,
              6.483278795180297
            ],
            [
              3.369098765295803,
              6.4822441377568225
            ],
            [
              3.36906402268653,
              6.4818535567962385
            ],
            [
              3.3686617001773698,
              6.481417290275772
            ],
            [
              3.368290469029944,
              6.481182112164788
            ],
            [
              3.3663489694294526,
              6.480647390564684
            ],
            [
              3.3662723283053424,
              6.480551709893518
            ],
            [
              3.3644602267581263,
              6.476264005879216
            ],
            [
              3.3644953263982416,
              6.476246227181662
            ],
            [
              3.364408932126537,
              6.475895891782045
            ],
            [
              3.3633538906695435,
              6.4738936852454
            ],
            [
              3.362655510443517,
              6.474246850811539
            ],
            [
              3.3613350322859787,
              6.474783917843581
            ],
            [
              3.360100016702461,
              6.474363553135504
            ],
            [
              3.359716786800334,
              6.473837270773458
            ],
            [
              3.359228034945886,
              6.472975984653999
            ],
            [
              3.358930698393067,
              6.472998535154318
            ],
            [
              3.358547776958403,
              6.4729068978351165
            ],
            [
              3.357361011801288,
              6.473037935352465
            ],
            [
              3.356227864224593,
              6.47319191007864
            ],
            [
              3.355531165730781,
              6.473337917710808
            ],
            [
              3.3554793521904003,
              6.4737022663465495
            ],
            [
              3.355564068327112,
              6.474399170785148
            ],
            [
              3.355104821430416,
              6.474659895937521
            ],
            [
              3.35465335816599,
              6.475104430824899
            ],
            [
              3.3544086553352486,
              6.475571797700354
            ],
            [
              3.354248167718822,
              6.476023787967506
            ],
            [
              3.353812188981408,
              6.476713398004961
            ],
            [
              3.3534681542319618,
              6.47748719178054
            ],
            [
              3.353223192396456,
              6.477586928394089
            ],
            [
              3.352725527361258,
              6.47766386359649
            ],
            [
              3.352809979996607,
              6.477985480945222
            ],
            [
              3.352840853722455,
              6.478337770571727
            ],
            [
              3.3522974033025434,
              6.478644506838577
            ],
            [
              3.3517231753842793,
              6.478736813253363
            ],
            [
              3.3514168905770703,
              6.478744684119931
            ],
            [
              3.3504901392086026,
              6.478415989106679
            ],
            [
              3.349073136815832,
              6.477811908193075
            ],
            [
              3.3487670588527294,
              6.478118477186001
            ],
            [
              3.348231463111574,
              6.478716243060205
            ],
            [
              3.3480173228412013,
              6.479099337164712
            ],
            [
              3.346860965561177,
              6.478931631589603
            ],
            [
              3.345712182371358,
              6.4786413753992065
            ],
            [
              3.3449843097781127,
              6.478372747904018
            ],
            [
              3.344509173659503,
              6.47817622355393
            ],
            [
              3.3435747231949904,
              6.477778590109892
            ],
            [
              3.342900655241067,
              6.477434392583177
            ],
            [
              3.3416520041367335,
              6.476654020266892
            ],
            [
              3.3410774407713006,
              6.476248480882759
            ],
            [
              3.33877777267611,
              6.474598510013266
            ],
            [
              3.338744014824499,
              6.474482903063574
            ],
            [
              3.338739720561705,
              6.474479520713373
            ],
            [
              3.3381618881606414,
              6.474044785738329
            ],
            [
              3.337499277569634,
              6.473546265447851
            ],
            [
              3.334580527869093,
              6.471464956342686
            ],
            [
              3.333898716752401,
              6.470967571895983
            ],
            [
              3.3337155077645093,
              6.47081774034649
            ],
            [
              3.330353424670875,
              6.468414062059367
            ],
            [
              3.328825152758668,
              6.467358114085755
            ],
            [
              3.327940338575786,
              6.466703842908089
            ],
            [
              3.325276814673316,
              6.4648377838366855
            ],
            [
              3.3237753920207638,
              6.463827757045408
            ],
            [
              3.3210941973393915,
              6.4618687557385215
            ],
            [
              3.3197306650382075,
              6.460935218985242
            ],
            [
              3.318413270655981,
              6.460308008407935
            ],
            [
              3.3171573260498235,
              6.459987114114085
            ],
            [
              3.316100568686352,
              6.459834591793026
            ],
            [
              3.315561577105143,
              6.459793440614817
            ],
            [
              3.3154691312954014,
              6.459792832673145
            ],
            [
              3.3154706691361184,
              6.459796671878962
            ],
            [
              3.315559164224112,
              6.460017570554498
            ],
            [
              3.3158238418968153,
              6.460844578114859
            ],
            [
              3.3160769147178826,
              6.461476287100993
            ],
            [
              3.316594405307626,
              6.462509928290615
            ],
            [
              3.3171117466098394,
              6.463302311052871
            ],
            [
              3.3177783735731055,
              6.46404864582837
            ],
            [
              3.318215169794314,
              6.464599819626017
            ],
            [
              3.318516269110603,
              6.464985930956004
            ],
            [
              3.322584961227051,
              6.469402598651072
            ],
            [
              3.3234938088922377,
              6.4705253383737045
            ],
            [
              3.3244593111483596,
              6.471627614922511
            ],
            [
              3.325333027697127,
              6.472883128753438
            ],
            [
              3.3261609255862936,
              6.474322484694937
            ],
            [
              3.3268357723530357,
              6.475899800235652
            ],
            [
              3.3273118410686493,
              6.4779520981109044
            ],
            [
              3.327435077866596,
              6.479070228808041
            ],
            [
              3.3274350796652357,
              6.479074058121341
            ],
            [
              3.327436381883558,
              6.481092197047303
            ],
            [
              3.327379682326523,
              6.4816228402219735
            ],
            [
              3.3273796841251624,
              6.481626668635897
            ],
            [
              3.327379288423458,
              6.481628303603372
            ],
            [
              3.3272841536408464,
              6.482516862563216
            ],
            [
              3.327094027967064,
              6.483515076759431
            ],
            [
              3.327085736217782,
              6.4835586111410635
            ],
            [
              3.326550758310873,
              6.485167340000771
            ],
            [
              3.3256483821671736,
              6.48702139132422
            ],
            [
              3.324791824683018,
              6.488691596939702
            ],
            [
              3.323768802688164,
              6.490501683106231
            ],
            [
              3.3228892477406475,
              6.492148922734657
            ],
            [
              3.3224976883176964,
              6.492964859640608
            ],
            [
              3.3224112913480894,
              6.493144894021668
            ],
            [
              3.3219142000803004,
              6.49416002356628
            ],
            [
              3.321505119165977,
              6.495769703908763
            ],
            [
              3.3214352418430053,
              6.496269176581279
            ],
            [
              3.321380165562232,
              6.497465926011728
            ],
            [
              3.321476508134367,
              6.498447170000929
            ],
            [
              3.321684604061261,
              6.499555992714932
            ],
            [
              3.3219803685991565,
              6.50054508868493
            ],
            [
              3.3222886490020187,
              6.501563548419085
            ],
            [
              3.3228167713769494,
              6.501309776824769
            ],
            [
              3.323795141132905,
              6.500737121820748
            ],
            [
              3.3242065656805266,
              6.500471187795142
            ],
            [
              3.3252590116940723,
              6.4997381243150585
            ],
            [
              3.325557992207621,
              6.499515343358439
            ],
            [
              3.326131992597425,
              6.4990243207158755
            ],
            [
              3.32654582103288,
              6.498777530558641
            ],
            [
              3.326623777865109,
              6.498641597132064
            ],
            [
              3.326595166833556,
              6.498804368127139
            ],
            [
              3.3267389000802154,
              6.499043618368319
            ],
            [
              3.3276773723129054,
              6.499694023360519
            ],
            [
              3.3283794829268345,
              6.500151128971481
            ],
            [
              3.329467416188379,
              6.501008226048839
            ],
            [
              3.3303027119006856,
              6.501957393019325
            ],
            [
              3.3307625325648473,
              6.5025161966651694
            ],
            [
              3.331944084352074,
              6.503730126744017
            ],
            [
              3.332103518862368,
              6.503893931060134
            ],
            [
              3.332338761724543,
              6.504128339351439
            ],
            [
              3.333315715048286,
              6.505046771091656
            ],
            [
              3.333580131018266,
              6.505391250106129
            ],
            [
              3.3337640882421056,
              6.505655362105301
            ],
            [
              3.3339251271429475,
              6.505999908568981
            ],
            [
              3.3341437190574084,
              6.5065282332913625
            ],
            [
              3.3344541812155626,
              6.507022030342455
            ],
            [
              3.33476459840756,
              6.507446897056695
            ],
            [
              3.335143889279095,
              6.507802786669345
            ],
            [
              3.3355921149841947,
              6.508181608094787
            ],
            [
              3.3359024566331072,
              6.5084915900148985
            ],
            [
              3.3361653140780163,
              6.508790602904071
            ],
            [
              3.3363162850685626,
              6.5089623410392505
            ],
            [
              3.3366036328514497,
              6.50923787173042
            ],
            [
              3.336787555001706,
              6.509444541332584
            ],
            [
              3.3373046876612307,
              6.509800337415697
            ],
            [
              3.3374541585826023,
              6.5100185183400185
            ],
            [
              3.3375117529650993,
              6.510259736297826
            ],
            [
              3.3376154699780045,
              6.510765157985702
            ],
            [
              3.3376616456684474,
              6.51110977999241
            ],
            [
              3.3381836607474042,
              6.511189077713823
            ],
            [
              3.33887863524086,
              6.5112403102921235
            ],
            [
              3.3399526433998403,
              6.511256820945562
            ],
            [
              3.3408831296527524,
              6.511365334042978
            ],
            [
              3.341997536257338,
              6.511669024306059
            ],
            [
              3.342784395383603,
              6.511708699696783
            ],
            [
              3.344155427131284,
              6.5117000931848
            ],
            [
              3.3457636289883226,
              6.511813879007377
            ],
            [
              3.3477051879441433,
              6.5122835724289985
            ],
            [
              3.3486143692578025,
              6.512583251715739
            ],
            [
              3.3486041817376417,
              6.512766388757882
            ],
            [
              3.3484990186148593,
              6.514656991227184
            ],
            [
              3.34856855689344,
              6.515553039741064
            ],
            [
              3.3517042680375653,
              6.515332585330611
            ],
            [
              3.3518312136396275,
              6.516182638917712
            ],
            [
              3.3520266480114174,
              6.516412270909598
            ],
            [
              3.3521302840853764,
              6.5167798283264915
            ],
            [
              3.352142420436394,
              6.517710381129234
            ],
            [
              3.352280596772175,
              6.518192798159134
            ],
            [
              3.3551160512648153,
              6.515674849314905
            ],
            [
              3.356286759026773,
              6.51435285759834
            ],
            [
              3.3565049327564793,
              6.514249307859302
            ],
            [
              3.3575843836124477,
              6.513834962313695
            ],
            [
              3.357871330297712,
              6.513524572101346
            ],
            [
              3.358261525449109,
              6.513030293913005
            ],
            [
              3.358548668186529,
              6.51278377894829
            ],
            [
              3.3586389133552075,
              6.512835028613722
            ],
            [
              3.360841880048781,
              6.514748194173876
            ],
            [
              3.362261671239196,
              6.519074473708031
            ],
            [
              3.3625299282136893,
              6.519399786371082
            ],
            [
              3.363985385617127,
              6.520049747997518
            ],
            [
              3.364647604103709,
              6.5203769267538405
            ],
            [
              3.3648693931080516,
              6.519978502805714
            ],
            [
              3.3652135168903214,
              6.519315756417086
            ],
            [
              3.3652593247580853,
              6.519124250283994
            ],
            [
              3.3653967528579187,
              6.518553560298642
            ],
            [
              3.3653925080578233,
              6.517979142623403
            ],
            [
              3.3654036794363265,
              6.517542575729351
            ],
            [
              3.3654341241855263,
              6.517285980263807
            ],
            [
              3.365475556851493,
              6.517268106238134
            ]
          ]
        ]
      }
    },
    {
      "type": "Feature",
      "properties": {
        "lganame": "Shomolu",
        "lga_match": "shomolu",
        "ch4_2020": null,
        "no2_2020": 8.772698355556002e-05,
        "co_2020": 0.05648853060425805,
        "isi_2020": null,
        "hotspots_2020": null,
        "ch4_2021": null,
        "no2_2021": 0.0001142527172828832,
        "co_2021": 0.056589501617703875,
        "isi_2021": null,
        "hotspots_2021": null,
        "ch4_2022": null,
        "no2_2022": 0.00010558224269316836,
        "co_2022": 0.05541282898135398,
        "isi_2022": null,
        "hotspots_2022": null,
        "ch4_2023": 1963.7940544075186,
        "no2_2023": 9.562817033210493e-05,
        "co_2023": 0.05289120348256336,
        "isi_2023": 785.5308780337376,
        "hotspots_2023": 0.916631130063966,
        "ch4_2024": 1960.6369938581076,
        "no2_2024": 8.710976816814789e-05,
        "co_2024": 0.056516495814135245,
        "isi_2024": 784.2689571556158,
        "hotspots_2024": 0.0,
        "ch4_2025": 1954.768781933223,
        "no2_2025": 8.724902063200396e-05,
        "co_2025": 0.053263539728701986,
        "isi_2025": 781.920859195379,
        "hotspots_2025": 0.38230277185501066
      },
      "geometry": {
        "type": "Polygon",
        "coordinates": [
          [
            [
              3.399762032691683,
              6.539846698666281
            ],
            [
              3.3998184192846566,
              6.539530086944012
            ],
            [
              3.3999899775554923,
              6.538588545325183
            ],
            [
              3.4002679615971942,
              6.537058141120383
            ],
            [
              3.4001625853350674,
              6.536959296634279
            ],
            [
              3.4001002883976525,
              6.536863609667876
            ],
            [
              3.4000969788925204,
              6.5367152224296206
            ],
            [
              3.400087229342205,
              6.5364918452225425
            ],
            [
              3.400130106319409,
              6.536241302194412
            ],
            [
              3.4002304373848347,
              6.536013050661779
            ],
            [
              3.4003290993085216,
              6.535693851590054
            ],
            [
              3.4003687737999257,
              6.5354289499861125
            ],
            [
              3.4003814200665374,
              6.535280549258005
            ],
            [
              3.4003558271597285,
              6.535197597591093
            ],
            [
              3.4003589612970586,
              6.535125793020995
            ],
            [
              3.40037325062508,
              6.535039619083193
            ],
            [
              3.4004082810174054,
              6.534951832661022
            ],
            [
              3.4004784038552884,
              6.534857636770596
            ],
            [
              3.400454375768902,
              6.534736390172327
            ],
            [
              3.400463844730723,
              6.534605543311216
            ],
            [
              3.4005020290454695,
              6.534471482273148
            ],
            [
              3.40059921877895,
              6.534307058324146
            ],
            [
              3.4007361180774183,
              6.533920812995177
            ],
            [
              3.4009955446087474,
              6.533133973654003
            ],
            [
              3.4010894320317107,
              6.53282913855395
            ],
            [
              3.401227787332573,
              6.53226897243519
            ],
            [
              3.40131519783813,
              6.531846068041659
            ],
            [
              3.4014247829274495,
              6.531220504123041
            ],
            [
              3.401478633432248,
              6.530725823937701
            ],
            [
              3.4014881293737176,
              6.530630080313983
            ],
            [
              3.401117777763261,
              6.5303591226754065
            ],
            [
              3.4008719076124976,
              6.530137529723277
            ],
            [
              3.400482316805551,
              6.529745320989832
            ],
            [
              3.4003737200711726,
              6.52960818606897
            ],
            [
              3.400382875169612,
              6.529083224811018
            ],
            [
              3.400358407314684,
              6.528406708003217
            ],
            [
              3.4003359413506473,
              6.528242379382334
            ],
            [
              3.4003519546790244,
              6.528159374655445
            ],
            [
              3.400335656265554,
              6.527725384319069
            ],
            [
              3.400245770825734,
              6.527042537183377
            ],
            [
              3.4002604621506407,
              6.526523847797364
            ],
            [
              3.4002456871887716,
              6.526133042905656
            ],
            [
              3.400366588447355,
              6.525692560363439
            ],
            [
              3.4004172040907292,
              6.525143632172956
            ],
            [
              3.400250791740689,
              6.5245246701774136
            ],
            [
              3.400173891611871,
              6.524488199970506
            ],
            [
              3.399848308252899,
              6.523963336738632
            ],
            [
              3.3993726757084914,
              6.524114923764785
            ],
            [
              3.3990926591989137,
              6.5240816380572255
            ],
            [
              3.398927502302456,
              6.524038688234896
            ],
            [
              3.398862835651414,
              6.523971722916713
            ],
            [
              3.3986474920881165,
              6.524014974911211
            ],
            [
              3.398604455930922,
              6.524065270395965
            ],
            [
              3.3985422399324534,
              6.524070106050601
            ],
            [
              3.398403335145872,
              6.523936185306752
            ],
            [
              3.3982092911259087,
              6.523677850552417
            ],
            [
              3.39811527420062,
              6.523636583361679
            ],
            [
              3.3980584424431868,
              6.523570267353989
            ],
            [
              3.398032046441813,
              6.523479337801234
            ],
            [
              3.397766469447049,
              6.523548956119498
            ],
            [
              3.3974649816236706,
              6.523601848846283
            ],
            [
              3.397082099759132,
              6.523616511392959
            ],
            [
              3.3967398762443395,
              6.5236000268198495
            ],
            [
              3.3964933999504865,
              6.523614581447816
            ],
            [
              3.396179803655059,
              6.523485583592844
            ],
            [
              3.3960170758274444,
              6.523488105291847
            ],
            [
              3.3953566173140644,
              6.52352931132873
            ],
            [
              3.394016542929137,
              6.523597374719088
            ],
            [
              3.3927027701167844,
              6.523636694877609
            ],
            [
              3.3905131511610307,
              6.523707804271794
            ],
            [
              3.390202072068007,
              6.523736766038951
            ],
            [
              3.3896564983487565,
              6.523801810405303
            ],
            [
              3.3888524900503967,
              6.523890987179357
            ],
            [
              3.388041314155373,
              6.523996921920457
            ],
            [
              3.38743109896609,
              6.52402611211545
            ],
            [
              3.386079011437289,
              6.524036723216227
            ],
            [
              3.385469003092055,
              6.524033425402308
            ],
            [
              3.384667316843263,
              6.524032043144302
            ],
            [
              3.3838456881280763,
              6.524030675275469
            ],
            [
              3.3821824909292673,
              6.524031937923667
            ],
            [
              3.382045169848766,
              6.524038119863405
            ],
            [
              3.382043641001303,
              6.524385895792477
            ],
            [
              3.38209226464636,
              6.5245492486489525
            ],
            [
              3.382162653683565,
              6.524803217194744
            ],
            [
              3.3815527451631056,
              6.525028339985965
            ],
            [
              3.3813409431300556,
              6.525116577867834
            ],
            [
              3.3813167585615815,
              6.525203396619531
            ],
            [
              3.381236574108641,
              6.525498325687238
            ],
            [
              3.38113726557242,
              6.525822628411618
            ],
            [
              3.3810341582998262,
              6.526185227865994
            ],
            [
              3.380946315220342,
              6.526480163228996
            ],
            [
              3.3809230038935425,
              6.526568779725437
            ],
            [
              3.380428794053671,
              6.526541086901716
            ],
            [
              3.379914258636177,
              6.5265175408518985
            ],
            [
              3.3795632496443204,
              6.526489883101647
            ],
            [
              3.3792342065934236,
              6.526502096794388
            ],
            [
              3.379226772797381,
              6.527224114801129
            ],
            [
              3.3792351895523893,
              6.527808499662569
            ],
            [
              3.378738628884662,
              6.527820841058997
            ],
            [
              3.3784673699731798,
              6.527767192901706
            ],
            [
              3.3781821032215475,
              6.52764973065058
            ],
            [
              3.3776474571644712,
              6.527402812789603
            ],
            [
              3.3773744841451503,
              6.527724133362085
            ],
            [
              3.3770596557785666,
              6.528077396954359
            ],
            [
              3.3766152297091594,
              6.528470648002042
            ],
            [
              3.3761229965790562,
              6.528939725388057
            ],
            [
              3.3760761823699568,
              6.528977825166521
            ],
            [
              3.376065772717311,
              6.52896273724059
            ],
            [
              3.3759339869639575,
              6.528741942886427
            ],
            [
              3.3757543653717335,
              6.528556588116089
            ],
            [
              3.3752056458239394,
              6.5281580949201725
            ],
            [
              3.375046058428893,
              6.528094388745103
            ],
            [
              3.3745593309483866,
              6.527923222578693
            ],
            [
              3.374550183044562,
              6.52787368522246
            ],
            [
              3.374299595949651,
              6.527727075044538
            ],
            [
              3.3740840572335173,
              6.527513424005349
            ],
            [
              3.3738397977684826,
              6.5272950065593704
            ],
            [
              3.3735556533707722,
              6.527075024292969
            ],
            [
              3.3731262019127257,
              6.52668760894602
            ],
            [
              3.372727009943617,
              6.526226772947268
            ],
            [
              3.3725816507226227,
              6.52598594439587
            ],
            [
              3.3723308172134807,
              6.525504254917507
            ],
            [
              3.3716243233039336,
              6.525868574774961
            ],
            [
              3.3711650053607514,
              6.526082724937851
            ],
            [
              3.3706387077102136,
              6.526335218595534
            ],
            [
              3.370262041060414,
              6.526128066956801
            ],
            [
              3.3697161552763646,
              6.525775837584888
            ],
            [
              3.3693027126500965,
              6.525458615222988
            ],
            [
              3.3692133479177073,
              6.525426768430691
            ],
            [
              3.369155926205053,
              6.525444361867869
            ],
            [
              3.369108112849176,
              6.525511411722334
            ],
            [
              3.3689484930785625,
              6.525401431830687
            ],
            [
              3.3686148877669098,
              6.525175098551983
            ],
            [
              3.368289528339119,
              6.525314155324054
            ],
            [
              3.368232028385478,
              6.525223248254349
            ],
            [
              3.3681776445826586,
              6.525033410363619
            ],
            [
              3.3680546838766077,
              6.524875534378452
            ],
            [
              3.367834361666496,
              6.52466028794197
            ],
            [
              3.3676491876599357,
              6.5245120311054166
            ],
            [
              3.3675037412047573,
              6.524388646818636
            ],
            [
              3.36750128155893,
              6.524603154012368
            ],
            [
              3.3674991465684343,
              6.524790150944739
            ],
            [
              3.3674952084371625,
              6.525135228907743
            ],
            [
              3.3674677530344184,
              6.526868081296982
            ],
            [
              3.367442072893425,
              6.527751270404849
            ],
            [
              3.3674354808628095,
              6.528100517624864
            ],
            [
              3.3673738898931447,
              6.530961434622554
            ],
            [
              3.3673252788386208,
              6.532703039213914
            ],
            [
              3.3672695739317646,
              6.536199969353163
            ],
            [
              3.3672598585556557,
              6.536674204351073
            ],
            [
              3.367244006205965,
              6.537732874572555
            ],
            [
              3.3672136118187836,
              6.539281683403033
            ],
            [
              3.367207088136638,
              6.539614124991942
            ],
            [
              3.3671749121924677,
              6.541433143225049
            ],
            [
              3.3671279406020176,
              6.543748404665166
            ],
            [
              3.367079732443756,
              6.54574563435358
            ],
            [
              3.3670565596125925,
              6.546955270169633
            ],
            [
              3.3670461121883477,
              6.547772081216635
            ],
            [
              3.3670059142915534,
              6.549530470754689
            ],
            [
              3.3669941565551085,
              6.550909084686566
            ],
            [
              3.366954206871185,
              6.553005743420385
            ],
            [
              3.3668921554486815,
              6.555424729967342
            ],
            [
              3.366864548959825,
              6.556946960234086
            ],
            [
              3.366925915098932,
              6.558478963433458
            ],
            [
              3.367619870660576,
              6.558402781862924
            ],
            [
              3.3682286055657187,
              6.558252986286334
            ],
            [
              3.368825827350122,
              6.558068734084884
            ],
            [
              3.3695263101911337,
              6.557712079149155
            ],
            [
              3.3700430066794524,
              6.5573785349914715
            ],
            [
              3.370559634819358,
              6.556953083717872
            ],
            [
              3.372132260395574,
              6.555366524945214
            ],
            [
              3.374209931742996,
              6.553251119843367
            ],
            [
              3.376000632123521,
              6.55144610855109
            ],
            [
              3.377662158381952,
              6.549813157351366
            ],
            [
              3.3778372689748153,
              6.549641056789369
            ],
            [
              3.3782583720263233,
              6.549322614047469
            ],
            [
              3.378755985800126,
              6.548946311623013
            ],
            [
              3.3789930111186095,
              6.548767070444001
            ],
            [
              3.380115000806711,
              6.548258517316754
            ],
            [
              3.38090483309162,
              6.548046371742714
            ],
            [
              3.381165882899211,
              6.547976255200069
            ],
            [
              3.382130691778059,
              6.547803196860116
            ],
            [
              3.3830094544228473,
              6.547773807015631
            ],
            [
              3.384468520805626,
              6.547996715675936
            ],
            [
              3.38590472912,
              6.548368986439641
            ],
            [
              3.3871801071762775,
              6.548729887973991
            ],
            [
              3.387789075905175,
              6.54890748789029
            ],
            [
              3.391395512892643,
              6.549852240088853
            ],
            [
              3.3927264285818524,
              6.550224572006414
            ],
            [
              3.3935785398177813,
              6.55038665681883
            ],
            [
              3.3938370292555646,
              6.550415175220223
            ],
            [
              3.395100636984864,
              6.55040460908549
            ],
            [
              3.396067479230851,
              6.550384699894039
            ],
            [
              3.3964025135651923,
              6.550365288027649
            ],
            [
              3.3967757412075343,
              6.550221389305705
            ],
            [
              3.39696107979006,
              6.550072866269829
            ],
            [
              3.396967208669764,
              6.5500558277143455
            ],
            [
              3.396964773305683,
              6.550000782010557
            ],
            [
              3.396928838195379,
              6.549954377892277
            ],
            [
              3.396957370086625,
              6.54971884544841
            ],
            [
              3.3970429936392748,
              6.549046709238269
            ],
            [
              3.3974035965987355,
              6.547466776670433
            ],
            [
              3.397913692962618,
              6.546087773332147
            ],
            [
              3.3985042192943524,
              6.544737425092137
            ],
            [
              3.3985812066574113,
              6.544565516985074
            ],
            [
              3.3987484068135814,
              6.544158506310055
            ],
            [
              3.3991686447172356,
              6.54294710962148
            ],
            [
              3.3992689227226265,
              6.542650247910672
            ],
            [
              3.399296513023728,
              6.542519434324504
            ],
            [
              3.3993144796795605,
              6.542367340080716
            ],
            [
              3.3993475027850764,
              6.542164893694917
            ],
            [
              3.3994026348237867,
              6.541825531822894
            ],
            [
              3.3996269913926085,
              6.540564828004449
            ],
            [
              3.399762032691683,
              6.539846698666281
            ]
          ]
        ]
      }
    },
    {
      "type": "Feature",
      "properties": {
        "lganame": "Agege",
        "lga_match": "agege",
        "ch4_2020": 1919.5143536145388,
        "no2_2020": 8.250578421237793e-05,
        "co_2020": 0.058001546055105185,
        "isi_2020": 767.8202707093537,
        "hotspots_2020": 0.4473436765397273,
        "ch4_2021": 1935.439379715299,
        "no2_2021": 9.962786034438935e-05,
        "co_2021": 0.055548900882376476,
        "isi_2021": 774.1896739810915,
        "hotspots_2021": 0.7155618241654913,
        "ch4_2022": 1954.793575955192,
        "no2_2022": 9.783630497171279e-05,
        "co_2022": 0.053738283125564126,
        "isi_2022": 781.9308991955651,
        "hotspots_2022": 0.07639868359191349,
        "ch4_2023": 1950.2317153757838,
        "no2_2023": 9.464538439961172e-05,
        "co_2023": 0.0520784717402589,
        "isi_2023": 780.1057388941331,
        "hotspots_2023": 0.0,
        "ch4_2024": 1970.3315491236192,
        "no2_2024": 8.831408080210663e-05,
        "co_2024": 0.056665006619133054,
        "isi_2024": 788.1468168110308,
        "hotspots_2024": 1.0,
        "ch4_2025": 1957.6684179931092,
        "no2_2025": 8.170933140500974e-05,
        "co_2025": 0.05302791361639348,
        "isi_2025": 783.0806527739138,
        "hotspots_2025": 0.388810531264692
      },
      "geometry": {
        "type": "Polygon",
        "coordinates": [
          [
            [
              3.3366787442287205,
              6.6265343651688795
            ],
            [
              3.3365982423150626,
              6.626419535233424
            ],
            [
              3.3364143228627654,
              6.626285628878691
            ],
            [
              3.336138522374938,
              6.626197738135147
            ],
            [
              3.335322634032366,
              6.62597235184262
            ],
            [
              3.3349395947865332,
              6.625876872619642
            ],
            [
              3.3346025126958807,
              6.625781363719
            ],
            [
              3.3347553821552083,
              6.625306408364111
            ],
            [
              3.33548919387124,
              6.623088655017455
            ],
            [
              3.335817855609605,
              6.62206213735783
            ],
            [
              3.3359172369909516,
              6.621778689934615
            ],
            [
              3.3359665989793825,
              6.621150625001405
            ],
            [
              3.3359586750528365,
              6.620760025155107
            ],
            [
              3.3366386821295464,
              6.618278074373677
            ],
            [
              3.3368220062306477,
              6.617538864027381
            ],
            [
              3.3367644846932762,
              6.617427849016053
            ],
            [
              3.336228170393781,
              6.617190785026764
            ],
            [
              3.3355846092423462,
              6.616930816204274
            ],
            [
              3.335476219352074,
              6.616841574678972
            ],
            [
              3.335476103339545,
              6.616669249286474
            ],
            [
              3.3357022198815685,
              6.614476097793727
            ],
            [
              3.335731116897591,
              6.6141958159841465
            ],
            [
              3.335599384204272,
              6.614206343448018
            ],
            [
              3.3339448609665965,
              6.614038959830168
            ],
            [
              3.3332555144305047,
              6.614024103929296
            ],
            [
              3.332995035692363,
              6.613932372181296
            ],
            [
              3.332994236195077,
              6.612737579675638
            ],
            [
              3.3329931390222214,
              6.6110985697432625
            ],
            [
              3.3330305571145686,
              6.605491251819842
            ],
            [
              3.3330973983263448,
              6.602364449359925
            ],
            [
              3.333066453554011,
              6.602054004288902
            ],
            [
              3.333128505875891,
              6.601905900337101
            ],
            [
              3.3331078331599997,
              6.601838874764326
            ],
            [
              3.333082450694576,
              6.601756581401162
            ],
            [
              3.3325199427412144,
              6.602411795967669
            ],
            [
              3.33200319679014,
              6.602779768871301
            ],
            [
              3.3308318613014194,
              6.603550271128142
            ],
            [
              3.3301658656621953,
              6.604079178611244
            ],
            [
              3.3298559439966766,
              6.604492965677878
            ],
            [
              3.329569143900926,
              6.605125018205058
            ],
            [
              3.3292939297710973,
              6.605906411251908
            ],
            [
              3.3287775876156047,
              6.60689475538868
            ],
            [
              3.3280312852156726,
              6.607607528364781
            ],
            [
              3.327261813581856,
              6.608033104644107
            ],
            [
              3.3265726127359585,
              6.608228860073893
            ],
            [
              3.3259982085505158,
              6.608286679286891
            ],
            [
              3.325285887034113,
              6.6082641683567545
            ],
            [
              3.3233212739576743,
              6.608230981574593
            ],
            [
              3.3218966444146645,
              6.608208928399392
            ],
            [
              3.3211497727438655,
              6.608060060923094
            ],
            [
              3.3205177840684996,
              6.607899630863301
            ],
            [
              3.3200236093021545,
              6.607658691695292
            ],
            [
              3.3193110152911913,
              6.607211101810947
            ],
            [
              3.317908806746061,
              6.606315903156428
            ],
            [
              3.3169893461814013,
              6.605753557081016
            ],
            [
              3.316426249172082,
              6.605524147221672
            ],
            [
              3.3158379099916147,
              6.605385264018764
            ],
            [
              3.31530364614639,
              6.605328160666147
            ],
            [
              3.3147809322942408,
              6.605368701204668
            ],
            [
              3.314332935016978,
              6.6054723786473915
            ],
            [
              3.3137988303518,
              6.605668018963968
            ],
            [
              3.3131591335871917,
              6.606032987232595
            ],
            [
              3.312217422895799,
              6.606623316612797
            ],
            [
              3.310288065941563,
              6.607849955011488
            ],
            [
              3.3101869947340674,
              6.607899034612785
            ],
            [
              3.3099343436950335,
              6.60806577431606
            ],
            [
              3.3092739957983213,
              6.608485512196694
            ],
            [
              3.308079602591647,
              6.609210023124092
            ],
            [
              3.3079175438596167,
              6.609305654332502
            ],
            [
              3.306793316658286,
              6.609969052729639
            ],
            [
              3.3062660549345537,
              6.610407852640321
            ],
            [
              3.3058594714374863,
              6.610950829117542
            ],
            [
              3.3055074453124007,
              6.611441217738047
            ],
            [
              3.30517097206274,
              6.612314544880405
            ],
            [
              3.3046663777511753,
              6.613816008002402
            ],
            [
              3.3043253260530037,
              6.614816753790194
            ],
            [
              3.3042382240148527,
              6.615072336619107
            ],
            [
              3.303840631040316,
              6.616206104728008
            ],
            [
              3.303213263980979,
              6.617355330384214
            ],
            [
              3.30252438599166,
              6.618121643599011
            ],
            [
              3.3017282836334516,
              6.6189033406167255
            ],
            [
              3.3010851631498213,
              6.619347950147812
            ],
            [
              3.3005467120611343,
              6.6199897117558635
            ],
            [
              3.2991075251921984,
              6.621292601872142
            ],
            [
              3.298327080030788,
              6.622656364399745
            ],
            [
              3.298036921866526,
              6.624157691724122
            ],
            [
              3.2981141052817975,
              6.6251379923245395
            ],
            [
              3.2985591302996795,
              6.626424428444693
            ],
            [
              3.300567947752654,
              6.63166308278511
            ],
            [
              3.3018260606242507,
              6.634848440103497
            ],
            [
              3.302097524581143,
              6.6356739412993875
            ],
            [
              3.3026190917976805,
              6.63683778183821
            ],
            [
              3.3033862980392428,
              6.638859274336085
            ],
            [
              3.303938632861673,
              6.640222226574565
            ],
            [
              3.304460228856499,
              6.641416700720185
            ],
            [
              3.304584400949409,
              6.641969344909398
            ],
            [
              3.30502548603738,
              6.643022177631451
            ],
            [
              3.305351569419429,
              6.643902755108115
            ],
            [
              3.305754251657447,
              6.6447832840214005
            ],
            [
              3.3062146811626576,
              6.646142460905878
            ],
            [
              3.3062534302516724,
              6.646870035823554
            ],
            [
              3.306024227236321,
              6.64782754490534
            ],
            [
              3.3069461213664795,
              6.6478776821093675
            ],
            [
              3.3075924497318283,
              6.647925150125616
            ],
            [
              3.3076417523650434,
              6.64800467177821
            ],
            [
              3.308052052760047,
              6.64802809641958
            ],
            [
              3.309574520447825,
              6.648142029730934
            ],
            [
              3.3122517446223583,
              6.648312674290537
            ],
            [
              3.3132743817074015,
              6.648386702884068
            ],
            [
              3.3136535044057496,
              6.648323277297436
            ],
            [
              3.314090012843849,
              6.648162161954247
            ],
            [
              3.314487191230967,
              6.647884274139983
            ],
            [
              3.314774203566685,
              6.6475202924276005
            ],
            [
              3.315128007651481,
              6.646792469297054
            ],
            [
              3.3154052245715206,
              6.646083841296274
            ],
            [
              3.3156250908253355,
              6.645528428993828
            ],
            [
              3.315814380129609,
              6.645071644440861
            ],
            [
              3.3160266462127765,
              6.644611973064173
            ],
            [
              3.318206208949448,
              6.639199542724782
            ],
            [
              3.32093636002503,
              6.632459839849787
            ],
            [
              3.321130037121577,
              6.631991561961058
            ],
            [
              3.3213192913522676,
              6.631497439355371
            ],
            [
              3.321737971630114,
              6.630445978998807
            ],
            [
              3.3219157208338856,
              6.629928885909408
            ],
            [
              3.3220647546847317,
              6.629423299645623
            ],
            [
              3.322230783024281,
              6.628550074126679
            ],
            [
              3.322414186265746,
              6.627895116766297
            ],
            [
              3.322574685573329,
              6.627355057689783
            ],
            [
              3.3233788395618262,
              6.627722268867672
            ],
            [
              3.3240492247919633,
              6.627991810074036
            ],
            [
              3.324384437192066,
              6.6281562583047275
            ],
            [
              3.3244802419696384,
              6.628250017124628
            ],
            [
              3.3246180972474235,
              6.628225034857508
            ],
            [
              3.324645264867115,
              6.628213672822767
            ],
            [
              3.3246391701616176,
              6.62831159460444
            ],
            [
              3.3246442891027073,
              6.628316920389636
            ],
            [
              3.324696812208174,
              6.628371555103229
            ],
            [
              3.324731147424586,
              6.6284072707789505
            ],
            [
              3.32509887481325,
              6.628514255028904
            ],
            [
              3.325550867778361,
              6.62863650167327
            ],
            [
              3.325926258290224,
              6.6287473098405485
            ],
            [
              3.3264778053065243,
              6.62883885542891
            ],
            [
              3.3269795595590494,
              6.628922772967655
            ],
            [
              3.327416160627365,
              6.62893397312439
            ],
            [
              3.327906344202461,
              6.628891526023153
            ],
            [
              3.328683684904206,
              6.628737832784793
            ],
            [
              3.3294074053275153,
              6.628576515993473
            ],
            [
              3.330173238304326,
              6.628396022058837
            ],
            [
              3.3319728878385604,
              6.627889333226221
            ],
            [
              3.333389629427927,
              6.627486290360082
            ],
            [
              3.3338261342687474,
              6.627355795133894
            ],
            [
              3.3349174022163766,
              6.627041045008241
            ],
            [
              3.336621324314706,
              6.626572697871779
            ],
            [
              3.3366787442287205,
              6.6265343651688795
            ]
          ]
        ]
      }
    },
    {
      "type": "Feature",
      "properties": {
        "lganame": "Oshodi/Isolo",
        "lga_match": "oshodi/isolo",
        "ch4_2020": 1914.8707925924798,
        "no2_2020": 8.384911616097117e-05,
        "co_2020": 0.05765072190040901,
        "isi_2020": 765.9628054085217,
        "hotspots_2020": 0.0,
        "ch4_2021": 1936.3290750286233,
        "no2_2021": 9.713017997924192e-05,
        "co_2021": 0.05529319897196942,
        "isi_2021": 774.5453382752877,
        "hotspots_2021": 1.0,
        "ch4_2022": 1964.5782557646546,
        "no2_2022": 9.308990582924315e-05,
        "co_2022": 0.054092630877985076,
        "isi_2022": 785.8448542944273,
        "hotspots_2022": 0.9963016231764947,
        "ch4_2023": 1964.2666600976543,
        "no2_2023": 9.597050644989487e-05,
        "co_2023": 0.05163157165358593,
        "isi_2023": 785.7196055216526,
        "hotspots_2023": 0.753232323232323,
        "ch4_2024": 1967.4785121351088,
        "no2_2024": 8.635235384411162e-05,
        "co_2024": 0.056148920007389996,
        "isi_2024": 787.005472307369,
        "hotspots_2024": 0.8312121212121208,
        "ch4_2025": 1957.0007587201387,
        "no2_2025": 7.127511266604461e-05,
        "co_2025": 0.05256104659801474,
        "isi_2025": 782.8134686959949,
        "hotspots_2025": 0.29797979797979784
      },
      "geometry": {
        "type": "Polygon",
        "coordinates": [
          [
            [
              3.3518134502305656,
              6.555701927102291
            ],
            [
              3.350424986923656,
              6.5551603913390295
            ],
            [
              3.3488258817091037,
              6.554561556170938
            ],
            [
              3.3463712802104624,
              6.553506960777668
            ],
            [
              3.343587935135133,
              6.552331312140382
            ],
            [
              3.3418164271864157,
              6.551576200881016
            ],
            [
              3.341098258278066,
              6.551283097437022
            ],
            [
              3.339846943381758,
              6.550613787796124
            ],
            [
              3.339323348194,
              6.550205664659757
            ],
            [
              3.338898661344217,
              6.549778328407172
            ],
            [
              3.338566533618689,
              6.549382838946883
            ],
            [
              3.3382982181882426,
              6.54897454314073
            ],
            [
              3.338039442766103,
              6.548518371925354
            ],
            [
              3.3378585198548762,
              6.548083615366579
            ],
            [
              3.337762620648448,
              6.547830376170964
            ],
            [
              3.3376253229503163,
              6.547303915743157
            ],
            [
              3.337535627267414,
              6.546783807226973
            ],
            [
              3.337497004982822,
              6.546292384386106
            ],
            [
              3.3374935605793894,
              6.545915821158246
            ],
            [
              3.337486648390154,
              6.545124401569922
            ],
            [
              3.337492677445141,
              6.544597844914676
            ],
            [
              3.3374535236612246,
              6.54331499798883
            ],
            [
              3.337376223334104,
              6.5422427983664875
            ],
            [
              3.3373184670736578,
              6.541767342988521
            ],
            [
              3.3372350162830458,
              6.54103980044647
            ],
            [
              3.3371129423084653,
              6.539817640671629
            ],
            [
              3.3371051667700726,
              6.539642873619755
            ],
            [
              3.336803250869366,
              6.536697572335129
            ],
            [
              3.3364837793030233,
              6.533736963689989
            ],
            [
              3.3363296615846707,
              6.53230580057226
            ],
            [
              3.3362621953440907,
              6.531618135768383
            ],
            [
              3.336069056941483,
              6.530013927800553
            ],
            [
              3.3357929731672016,
              6.527505805848307
            ],
            [
              3.3354402626580395,
              6.523985081446426
            ],
            [
              3.3353293528674044,
              6.522877980034821
            ],
            [
              3.3351351649559433,
              6.52101513693907
            ],
            [
              3.3349953833303516,
              6.519674206399543
            ],
            [
              3.334896991203209,
              6.518858166970858
            ],
            [
              3.3347689861997765,
              6.518293404417136
            ],
            [
              3.334574863938883,
              6.517668925080898
            ],
            [
              3.334369288811672,
              6.51700760321836
            ],
            [
              3.3337527891599166,
              6.515974051960995
            ],
            [
              3.3335862679919046,
              6.515753462652242
            ],
            [
              3.333402769422321,
              6.515510383097762
            ],
            [
              3.333146014776787,
              6.515170262197898
            ],
            [
              3.332625580706008,
              6.514650435169472
            ],
            [
              3.332146713300233,
              6.51426141902931
            ],
            [
              3.3311316242251223,
              6.513601501008509
            ],
            [
              3.3307412114377826,
              6.513407954313664
            ],
            [
              3.3302150990476207,
              6.513147134732549
            ],
            [
              3.3297687376371528,
              6.512925851147145
            ],
            [
              3.3285474726877737,
              6.512337915762259
            ],
            [
              3.3278026307868345,
              6.511979335378101
            ],
            [
              3.3269759011170095,
              6.511469273188482
            ],
            [
              3.3262512436000407,
              6.510908083641198
            ],
            [
              3.3256767530797333,
              6.510282426193044
            ],
            [
              3.3252965493962847,
              6.509868356739332
            ],
            [
              3.324958333260497,
              6.509307865965297
            ],
            [
              3.324945266111172,
              6.509281979879518
            ],
            [
              3.3244116902473593,
              6.5082637350833465
            ],
            [
              3.3241275899163725,
              6.507405385250365
            ],
            [
              3.323928274969944,
              6.506803195611042
            ],
            [
              3.3236966707647753,
              6.506103446616805
            ],
            [
              3.322803698831706,
              6.5032650936092296
            ],
            [
              3.3222886490020187,
              6.501563548419085
            ],
            [
              3.3219803685991565,
              6.50054508868493
            ],
            [
              3.321684604061261,
              6.499555992714932
            ],
            [
              3.321476508134367,
              6.498447170000929
            ],
            [
              3.321380165562232,
              6.497465926011728
            ],
            [
              3.3214352418430053,
              6.496269176581279
            ],
            [
              3.321505119165977,
              6.495769703908763
            ],
            [
              3.3208651750878175,
              6.495605482307212
            ],
            [
              3.320183983604011,
              6.495430673886517
            ],
            [
              3.3195952649095943,
              6.4953544563431365
            ],
            [
              3.319082482270801,
              6.494263376353786
            ],
            [
              3.318588755366818,
              6.493028677331665
            ],
            [
              3.3179130614386736,
              6.491626552423497
            ],
            [
              3.317400366933441,
              6.490664714005391
            ],
            [
              3.3173475866218496,
              6.490449338066526
            ],
            [
              3.3173163010065423,
              6.489846412781787
            ],
            [
              3.3171806760474283,
              6.489806606989362
            ],
            [
              3.3165984198812453,
              6.4898508509360795
            ],
            [
              3.316446854438823,
              6.489831001099844
            ],
            [
              3.3161395875719677,
              6.489555947948702
            ],
            [
              3.3154212981544333,
              6.488902191183229
            ],
            [
              3.315245758584922,
              6.488811349764035
            ],
            [
              3.313088662711664,
              6.488391442810894
            ],
            [
              3.3094062491990712,
              6.487608657613521
            ],
            [
              3.303758139826357,
              6.486310045572168
            ],
            [
              3.3017163990925837,
              6.485759531876965
            ],
            [
              3.2996262586449916,
              6.485226236601591
            ],
            [
              3.292119327944704,
              6.4832919333760515
            ],
            [
              3.2903243638783124,
              6.4828142755584395
            ],
            [
              3.2902710241884847,
              6.484354533634871
            ],
            [
              3.29020666240757,
              6.4862130240118745
            ],
            [
              3.290072864870865,
              6.489364458003365
            ],
            [
              3.2900422330626498,
              6.491590370898962
            ],
            [
              3.2900481353132704,
              6.491941063329477
            ],
            [
              3.290058723930997,
              6.492570297381349
            ],
            [
              3.290071021260644,
              6.493300985751944
            ],
            [
              3.290080512705572,
              6.493865002767734
            ],
            [
              3.290090495180266,
              6.494458096663891
            ],
            [
              3.290099875109206,
              6.495015440710063
            ],
            [
              3.2901082918642146,
              6.495515568089047
            ],
            [
              3.290093563667085,
              6.497653711649548
            ],
            [
              3.2900705751969213,
              6.499297217292792
            ],
            [
              3.2900312307567674,
              6.500238657288264
            ],
            [
              3.2900793336943366,
              6.500661469950899
            ],
            [
              3.2901997250373256,
              6.501953855985732
            ],
            [
              3.290511695358475,
              6.503485475174614
            ],
            [
              3.290847180253195,
              6.504291071675652
            ],
            [
              3.291597838969153,
              6.50575861326945
            ],
            [
              3.291997030938262,
              6.506372697342158
            ],
            [
              3.2924808131390364,
              6.506849470226939
            ],
            [
              3.292216431343263,
              6.5071788334364555
            ],
            [
              3.2911451679152037,
              6.508596364630591
            ],
            [
              3.2876061953696762,
              6.513385259921847
            ],
            [
              3.285571783211253,
              6.516237291617756
            ],
            [
              3.285501967042194,
              6.51633516573537
            ],
            [
              3.2846258151292886,
              6.517526633447403
            ],
            [
              3.2831260769069672,
              6.519671994067323
            ],
            [
              3.281901789336132,
              6.521418929839797
            ],
            [
              3.2818478938652333,
              6.5214507208741
            ],
            [
              3.2826947305774183,
              6.522021513382185
            ],
            [
              3.284406901257512,
              6.523123444591363
            ],
            [
              3.2863660572477897,
              6.524242462919403
            ],
            [
              3.287136316687736,
              6.525356408171774
            ],
            [
              3.2874592893148247,
              6.527699873250583
            ],
            [
              3.2876645919474186,
              6.529161856134806
            ],
            [
              3.2882710893393323,
              6.5318038592607195
            ],
            [
              3.2885935664399994,
              6.533266540018872
            ],
            [
              3.288167383118264,
              6.537931104936604
            ],
            [
              3.2880225311149616,
              6.539072376089337
            ],
            [
              3.2880384284307524,
              6.5391670450231345
            ],
            [
              3.2880384410212855,
              6.539190018204806
            ],
            [
              3.2880384967792793,
              6.539288362667833
            ],
            [
              3.2880387297036577,
              6.53969551543571
            ],
            [
              3.288008882104293,
              6.541066488727495
            ],
            [
              3.2871749893343463,
              6.542560467691487
            ],
            [
              3.286562888266701,
              6.543541165792192
            ],
            [
              3.285935803594498,
              6.545111615009091
            ],
            [
              3.2859504976174208,
              6.545196305964794
            ],
            [
              3.2862892461518527,
              6.547148701751212
            ],
            [
              3.2864276581099716,
              6.548136632199885
            ],
            [
              3.2864229348705862,
              6.548223745029873
            ],
            [
              3.2863670294149188,
              6.549254878010288
            ],
            [
              3.286237169110109,
              6.549837034351697
            ],
            [
              3.2861761033445305,
              6.550189382434098
            ],
            [
              3.2861837116090555,
              6.55026719357619
            ],
            [
              3.286230025795078,
              6.550740798149377
            ],
            [
              3.2863452901030996,
              6.551422380838233
            ],
            [
              3.2864660582620218,
              6.551936377561844
            ],
            [
              3.2865756001838236,
              6.552402598701008
            ],
            [
              3.2866829558537916,
              6.552756622220386
            ],
            [
              3.286683026000901,
              6.552877939865084
            ],
            [
              3.2866833173812324,
              6.553388487688608
            ],
            [
              3.2866031985788027,
              6.55390551422812
            ],
            [
              3.2866172855593163,
              6.553936370866893
            ],
            [
              3.286959761783635,
              6.554686525962438
            ],
            [
              3.2871554722473206,
              6.555421675869695
            ],
            [
              3.2871326888225667,
              6.555457153225063
            ],
            [
              3.286419384347141,
              6.556567879803879
            ],
            [
              3.28602144243564,
              6.5570889173197315
            ],
            [
              3.2857308121273263,
              6.557778390660246
            ],
            [
              3.2857361792812867,
              6.557887142078016
            ],
            [
              3.2857463083454945,
              6.55809239974451
            ],
            [
              3.285930408561569,
              6.558613106309849
            ],
            [
              3.286007269120205,
              6.5590955781984235
            ],
            [
              3.2860763037784295,
              6.559287013285086
            ],
            [
              3.2861683017258088,
              6.559455458102946
            ],
            [
              3.2862450102990124,
              6.559669864572641
            ],
            [
              3.2863447451139223,
              6.559976167366301
            ],
            [
              3.2864214051238037,
              6.560106326246
            ],
            [
              3.2866589799280064,
              6.5603895731203465
            ],
            [
              3.2867893591416646,
              6.560711175180643
            ],
            [
              3.2868431565864284,
              6.561040479934263
            ],
            [
              3.2868892270562355,
              6.561247245763809
            ],
            [
              3.286873303660059,
              6.561296790314657
            ],
            [
              3.286743973055934,
              6.561699209051312
            ],
            [
              3.2865374113724783,
              6.56208227617617
            ],
            [
              3.286430472088682,
              6.562572511012604
            ],
            [
              3.286422987930621,
              6.562878874960177
            ],
            [
              3.286308478153785,
              6.563522294018696
            ],
            [
              3.2862934711668004,
              6.564066089778294
            ],
            [
              3.286296466808551,
              6.5640813566693055
            ],
            [
              3.2863625993545043,
              6.56441836321693
            ],
            [
              3.2864086950053206,
              6.564671082604434
            ],
            [
              3.2864778852462564,
              6.5651305822106565
            ],
            [
              3.28647611717912,
              6.565239696055187
            ],
            [
              3.2864704883224363,
              6.565587060994119
            ],
            [
              3.2864113066365235,
              6.565890102846026
            ],
            [
              3.286428725605276,
              6.565922577365086
            ],
            [
              3.286555058769011,
              6.5661580846279435
            ],
            [
              3.286737109430078,
              6.566435619008644
            ],
            [
              3.2867946687389917,
              6.566646207856252
            ],
            [
              3.2868330886761328,
              6.56686638077889
            ],
            [
              3.2868198560515793,
              6.5669114691889945
            ],
            [
              3.2867853148904373,
              6.5670291616665395
            ],
            [
              3.286622651813957,
              6.567172859839673
            ],
            [
              3.2866381039654016,
              6.567280588728238
            ],
            [
              3.286641874822692,
              6.5673068822068785
            ],
            [
              3.2866291692008645,
              6.567339127398839
            ],
            [
              3.286355092713393,
              6.568034647780792
            ],
            [
              3.2863808528940694,
              6.568090769973082
            ],
            [
              3.2864030994235236,
              6.568139236236789
            ],
            [
              3.286460530129432,
              6.568264357114458
            ],
            [
              3.2868150770542,
              6.568848151121301
            ],
            [
              3.287361085146017,
              6.569422261228397
            ],
            [
              3.2877059931371377,
              6.569891174937823
            ],
            [
              3.287954465026587,
              6.570316581245265
            ],
            [
              3.2881084703296892,
              6.570580250777994
            ],
            [
              3.288311044419231,
              6.570451866260669
            ],
            [
              3.288834942678534,
              6.570482382056355
            ],
            [
              3.288894670252887,
              6.570485859734674
            ],
            [
              3.2889620528565047,
              6.570489785275413
            ],
            [
              3.2897204025745737,
              6.570734434146857
            ],
            [
              3.2904865008513866,
              6.57113225734787
            ],
            [
              3.2912449153206467,
              6.571484128789564
            ],
            [
              3.2918807503963876,
              6.571767140041516
            ],
            [
              3.2929685208806063,
              6.572172430313458
            ],
            [
              3.293772844840987,
              6.572447682214829
            ],
            [
              3.2944009754247077,
              6.572646445876842
            ],
            [
              3.2945684363842815,
              6.572630008068472
            ],
            [
              3.2947217564039875,
              6.57267371781785
            ],
            [
              3.2947320860170066,
              6.5722057726783305
            ],
            [
              3.295004898956961,
              6.572157744384469
            ],
            [
              3.295713340798102,
              6.572181259857302
            ],
            [
              3.296900454892125,
              6.572209279134995
            ],
            [
              3.297757254293913,
              6.57218004936982
            ],
            [
              3.2986810370002786,
              6.572102909122009
            ],
            [
              3.299269779077065,
              6.5720690487476645
            ],
            [
              3.2997101815796555,
              6.572116654360173
            ],
            [
              3.3000212957462622,
              6.572082960360376
            ],
            [
              3.300672160292038,
              6.571876735023352
            ],
            [
              3.3016675353285336,
              6.57145489272915
            ],
            [
              3.3025814821497192,
              6.570946934953156
            ],
            [
              3.302863808118275,
              6.570803159438299
            ],
            [
              3.303083888410754,
              6.570625912056244
            ],
            [
              3.303284742097219,
              6.5703194320961416
            ],
            [
              3.303030768155452,
              6.569855261411249
            ],
            [
              3.3030594502334907,
              6.5697930148357955
            ],
            [
              3.303480511016801,
              6.56951990871687
            ],
            [
              3.3037197468688646,
              6.569361798008629
            ],
            [
              3.3042890006369134,
              6.568772670122655
            ],
            [
              3.304556896083909,
              6.56851401700834
            ],
            [
              3.3049684132616903,
              6.568293571591084
            ],
            [
              3.305389592755546,
              6.568221511613501
            ],
            [
              3.305681554959847,
              6.568183038616382
            ],
            [
              3.3057343478619146,
              6.568412775829017
            ],
            [
              3.30583504315274,
              6.568699924861676
            ],
            [
              3.3059214446190026,
              6.569097180590461
            ],
            [
              3.305955230349639,
              6.569551911091878
            ],
            [
              3.306386282600897,
              6.569968103844985
            ],
            [
              3.3069227174095204,
              6.570503901933591
            ],
            [
              3.3073876021561546,
              6.571446627060254
            ],
            [
              3.307540927571779,
              6.571695448785988
            ],
            [
              3.307503328715711,
              6.572825168147062
            ],
            [
              3.3074133020822956,
              6.574323507024303
            ],
            [
              3.3070256151400486,
              6.574381186842345
            ],
            [
              3.3069543051970527,
              6.575180634678588
            ],
            [
              3.306926080874007,
              6.575989628818377
            ],
            [
              3.3069743906556255,
              6.57671241394678
            ],
            [
              3.307046494700046,
              6.577205415097865
            ],
            [
              3.307295377579635,
              6.577162181089818
            ],
            [
              3.3077261654302106,
              6.577133195040972
            ],
            [
              3.3082000892627548,
              6.577195132249585
            ],
            [
              3.30842511762512,
              6.577281156000595
            ],
            [
              3.3086550553865663,
              6.57756343880169
            ],
            [
              3.3086553116933146,
              6.57797989415684
            ],
            [
              3.3086203361596063,
              6.5792187516441345
            ],
            [
              3.3086054532790854,
              6.579923384856386
            ],
            [
              3.3086286521905777,
              6.580283342102632
            ],
            [
              3.3086671872409283,
              6.580673923962479
            ],
            [
              3.3087744475827208,
              6.580735130022276
            ],
            [
              3.3087524510648336,
              6.582320546655978
            ],
            [
              3.308715496123284,
              6.584488053980579
            ],
            [
              3.3087087826842208,
              6.586019849436525
            ],
            [
              3.3086866629591896,
              6.587406132786839
            ],
            [
              3.3087020431648284,
              6.587505690435307
            ],
            [
              3.3088322676950384,
              6.587543904427719
            ],
            [
              3.308794072588455,
              6.587704766162062
            ],
            [
              3.3087923377962056,
              6.5881477254372385
            ],
            [
              3.3122290637203378,
              6.588176179087441
            ],
            [
              3.313691873980872,
              6.588106332341397
            ],
            [
              3.314825380387049,
              6.588082642400082
            ],
            [
              3.31505501687559,
              6.5878757048000125
            ],
            [
              3.315131509611547,
              6.587722478309786
            ],
            [
              3.3151771493060664,
              6.587224618121695
            ],
            [
              3.3151912443804576,
              6.585286894774413
            ],
            [
              3.315234579112598,
              6.581135716839924
            ],
            [
              3.315341623617087,
              6.580852267618127
            ],
            [
              3.315655504098288,
              6.580645277857343
            ],
            [
              3.3158852592973176,
              6.580629814914062
            ],
            [
              3.317540011862093,
              6.581341049150126
            ],
            [
              3.3201064161781915,
              6.582434641845282
            ],
            [
              3.320803540950692,
              6.5827022576031595
            ],
            [
              3.3213549971354723,
              6.582732538675771
            ],
            [
              3.3229706139027826,
              6.5821187819562965
            ],
            [
              3.3246550872624994,
              6.581397751405177
            ],
            [
              3.3264008853926157,
              6.580768580305801
            ],
            [
              3.3271436030948394,
              6.580484713798569
            ],
            [
              3.3283920005903838,
              6.580506872194462
            ],
            [
              3.330452235882035,
              6.5805361514222795
            ],
            [
              3.3304910767018896,
              6.581363290283662
            ],
            [
              3.330958279001436,
              6.581385957695829
            ],
            [
              3.3310050437478367,
              6.582611356828693
            ],
            [
              3.3315258276548434,
              6.5825880347100565
            ],
            [
              3.3317021487352463,
              6.58284066326604
            ],
            [
              3.3329811933274414,
              6.58287044881223
            ],
            [
              3.333924585751106,
              6.582823288364125
            ],
            [
              3.3339478979771684,
              6.583068895912845
            ],
            [
              3.333967971744528,
              6.583280401169645
            ],
            [
              3.3339130798248107,
              6.583512598927371
            ],
            [
              3.3338853384376534,
              6.584977388595632
            ],
            [
              3.3338715770117346,
              6.585874929984072
            ],
            [
              3.333792824279442,
              6.586217240733106
            ],
            [
              3.33368528874513,
              6.586468621929384
            ],
            [
              3.333575460838915,
              6.58687078885589
            ],
            [
              3.3335947548940794,
              6.587090970771726
            ],
            [
              3.3337580304088306,
              6.587873508655548
            ],
            [
              3.333837337123441,
              6.588359319726862
            ],
            [
              3.333928520285042,
              6.588708698247899
            ],
            [
              3.334093941582182,
              6.589122648091802
            ],
            [
              3.3341824366701758,
              6.589321696838908
            ],
            [
              3.334745609222523,
              6.589390273742197
            ],
            [
              3.335492380169285,
              6.589428067751157
            ],
            [
              3.337599370314763,
              6.59028770091669
            ],
            [
              3.338020591177383,
              6.589209794196677
            ],
            [
              3.3396453963180193,
              6.585216474260903
            ],
            [
              3.342598680884464,
              6.577995915579095
            ],
            [
              3.3428885512656734,
              6.57738162466228
            ],
            [
              3.343344324081329,
              6.576415750986143
            ],
            [
              3.34366246734902,
              6.575642835848271
            ],
            [
              3.3438678626118303,
              6.575143834420487
            ],
            [
              3.3440420172253766,
              6.574720733075424
            ],
            [
              3.3441052008943757,
              6.574562850794962
            ],
            [
              3.344189639140609,
              6.574351857252452
            ],
            [
              3.344267789327091,
              6.574156576664734
            ],
            [
              3.3443177781430222,
              6.574031668027089
            ],
            [
              3.345226077221753,
              6.571762014805188
            ],
            [
              3.3466056120594203,
              6.568387280948286
            ],
            [
              3.347653664884774,
              6.565793208989476
            ],
            [
              3.3481028016030336,
              6.564636876890404
            ],
            [
              3.348504286843422,
              6.56379172280981
            ],
            [
              3.349631696745462,
              6.560986651912515
            ],
            [
              3.3510174288113603,
              6.557602989586371
            ],
            [
              3.351474733172438,
              6.556547572212708
            ],
            [
              3.3518134502305656,
              6.555701927102291
            ]
          ]
        ]
      }
    },
    {
      "type": "Feature",
      "properties": {
        "lganame": "Ajeromi/Ifelodun",
        "lga_match": "ajeromi/ifelodun",
        "ch4_2020": null,
        "no2_2020": 6.950362519036843e-05,
        "co_2020": 0.05644220499973568,
        "isi_2020": null,
        "hotspots_2020": null,
        "ch4_2021": null,
        "no2_2021": 7.583094237322259e-05,
        "co_2021": 0.05386503778166074,
        "isi_2021": null,
        "hotspots_2021": null,
        "ch4_2022": 1960.7913932525103,
        "no2_2022": 7.59703053709784e-05,
        "co_2022": 0.05322500252344849,
        "isi_2022": 784.3299152336742,
        "hotspots_2022": 1.0,
        "ch4_2023": 1969.1058077509906,
        "no2_2023": 7.371004323272747e-05,
        "co_2023": 0.0515242134260588,
        "isi_2023": 787.655229952268,
        "hotspots_2023": 0.9280936454849498,
        "ch4_2024": 1965.107964788173,
        "no2_2024": 7.077005269494367e-05,
        "co_2024": 0.055160060133831706,
        "isi_2024": 786.0570006998211,
        "hotspots_2024": 0.2307692307692308,
        "ch4_2025": 1953.782489599032,
        "no2_2025": 5.371903621565076e-05,
        "co_2025": 0.051938115618897045,
        "isi_2025": 781.5259991701801,
        "hotspots_2025": 0.0
      },
      "geometry": {
        "type": "Polygon",
        "coordinates": [
          [
            [
              3.3370796583995457,
              6.438062606703966
            ],
            [
              3.3370846928043534,
              6.438099363794663
            ],
            [
              3.3363846263494565,
              6.4388810419266065
            ],
            [
              3.3355122443946357,
              6.439605389177416
            ],
            [
              3.334713585263785,
              6.439987325854474
            ],
            [
              3.3345018821561894,
              6.440088567033797
            ],
            [
              3.3327679316947183,
              6.4405262616776895
            ],
            [
              3.3309649726554085,
              6.440814644580257
            ],
            [
              3.3290825917882216,
              6.441132751875045
            ],
            [
              3.3279916260127607,
              6.4413057823360305
            ],
            [
              3.326986799101519,
              6.441481944236386
            ],
            [
              3.326460446592364,
              6.441554084253653
            ],
            [
              3.32632265606577,
              6.441600125945115
            ],
            [
              3.326149157058012,
              6.441549450946468
            ],
            [
              3.326145345731163,
              6.441583964228641
            ],
            [
              3.325092641612173,
              6.441728241565158
            ],
            [
              3.3242554042635675,
              6.442063855062884
            ],
            [
              3.3226047768889657,
              6.442615390388028
            ],
            [
              3.321313339638948,
              6.443621446672466
            ],
            [
              3.3204525742269766,
              6.444603295905438
            ],
            [
              3.319974537794735,
              6.445417363120839
            ],
            [
              3.319281528319948,
              6.446829922862719
            ],
            [
              3.319201414014117,
              6.447219511871026
            ],
            [
              3.319191928864484,
              6.447265635400811
            ],
            [
              3.3189714141994386,
              6.448337979813971
            ],
            [
              3.3185683146760425,
              6.449742978056065
            ],
            [
              3.318224356369001,
              6.450700567177478
            ],
            [
              3.317627756915499,
              6.4517195835919665
            ],
            [
              3.3168589939474487,
              6.452926353268651
            ],
            [
              3.316446021666593,
              6.4537308031340785
            ],
            [
              3.316159950921019,
              6.454297321164461
            ],
            [
              3.316142024734688,
              6.454332819204296
            ],
            [
              3.3159527579135215,
              6.454707629653456
            ],
            [
              3.315505790359964,
              6.456258853163604
            ],
            [
              3.3153917113584157,
              6.4575111681059525
            ],
            [
              3.3153462056629337,
              6.458215822901934
            ],
            [
              3.315438619996371,
              6.459073571987801
            ],
            [
              3.3155426742550844,
              6.459682767345896
            ],
            [
              3.315561577105143,
              6.459793440614817
            ],
            [
              3.316100568686352,
              6.459834591793026
            ],
            [
              3.3171573260498235,
              6.459987114114085
            ],
            [
              3.318413270655981,
              6.460308008407935
            ],
            [
              3.3197306650382075,
              6.460935218985242
            ],
            [
              3.3210941973393915,
              6.4618687557385215
            ],
            [
              3.3237753920207638,
              6.463827757045408
            ],
            [
              3.325276814673316,
              6.4648377838366855
            ],
            [
              3.327940338575786,
              6.466703842908089
            ],
            [
              3.328825152758668,
              6.467358114085755
            ],
            [
              3.330353424670875,
              6.468414062059367
            ],
            [
              3.3337155077645093,
              6.47081774034649
            ],
            [
              3.333898716752401,
              6.470967571895983
            ],
            [
              3.334580527869093,
              6.471464956342686
            ],
            [
              3.337499277569634,
              6.473546265447851
            ],
            [
              3.3381618881606414,
              6.474044785738329
            ],
            [
              3.338739720561705,
              6.474479520713373
            ],
            [
              3.338744014824499,
              6.474482903063574
            ],
            [
              3.33877777267611,
              6.474598510013266
            ],
            [
              3.3398508500367257,
              6.474097135274633
            ],
            [
              3.3406088526165263,
              6.4740123786683625
            ],
            [
              3.341466413744058,
              6.473950531391949
            ],
            [
              3.3419792836170927,
              6.473712758736895
            ],
            [
              3.3426910385606448,
              6.473176152157748
            ],
            [
              3.3439232392661324,
              6.47228688003554
            ],
            [
              3.3447956535965773,
              6.471551027757755
            ],
            [
              3.3454309607702726,
              6.471205942600193
            ],
            [
              3.345966864978891,
              6.4710677177010325
            ],
            [
              3.3464875130883343,
              6.471013750284385
            ],
            [
              3.3470159268435964,
              6.471120614924473
            ],
            [
              3.347337645815742,
              6.471296551994328
            ],
            [
              3.3479581078804017,
              6.471640780097971
            ],
            [
              3.3488314296268413,
              6.472237580999604
            ],
            [
              3.349451968133849,
              6.472689031673497
            ],
            [
              3.3500110874417715,
              6.472903098199481
            ],
            [
              3.350463364592656,
              6.472901560358764
            ],
            [
              3.350386745052276,
              6.47283268218257
            ],
            [
              3.3503560368017133,
              6.472717818972228
            ],
            [
              3.350417120553743,
              6.472465031236254
            ],
            [
              3.3506596946892273,
              6.471411070764361
            ],
            [
              3.35081701489338,
              6.470530182122275
            ],
            [
              3.350900034009385,
              6.469469838262455
            ],
            [
              3.3509332270867844,
              6.469024637876771
            ],
            [
              3.350908198054924,
              6.467430635415553
            ],
            [
              3.352078143191818,
              6.467214417711261
            ],
            [
              3.3526283376277206,
              6.466989054801104
            ],
            [
              3.353178470909768,
              6.466675134749721
            ],
            [
              3.353482275386739,
              6.4665528593270665
            ],
            [
              3.354779176018212,
              6.466537596033277
            ],
            [
              3.3555239073025405,
              6.466604299648736
            ],
            [
              3.3555008253028973,
              6.466446349919181
            ],
            [
              3.355483225570424,
              6.465915022360434
            ],
            [
              3.3554682059929632,
              6.464967236748635
            ],
            [
              3.355944202762771,
              6.464033468869559
            ],
            [
              3.3560381612322203,
              6.463821009432081
            ],
            [
              3.3561403727800325,
              6.463533726400385
            ],
            [
              3.3561675466949623,
              6.463142959280219
            ],
            [
              3.356134726836217,
              6.461867583921901
            ],
            [
              3.356225880320153,
              6.460822071681321
            ],
            [
              3.356236834962033,
              6.460063828083264
            ],
            [
              3.356443153828536,
              6.4594662852409215
            ],
            [
              3.3561897275739057,
              6.458398038139023
            ],
            [
              3.3561201740068896,
              6.457479011946873
            ],
            [
              3.356148276022168,
              6.455160985990744
            ],
            [
              3.3542780342039578,
              6.455089531256931
            ],
            [
              3.353054830316239,
              6.455061657669432
            ],
            [
              3.352141648818076,
              6.454918684349877
            ],
            [
              3.351452459663335,
              6.454815765035562
            ],
            [
              3.351033641789172,
              6.454849209023848
            ],
            [
              3.3510217005910476,
              6.45472989776664
            ],
            [
              3.350918112181205,
              6.454408293008385
            ],
            [
              3.3508600726343047,
              6.453517978571881
            ],
            [
              3.3506704469835995,
              6.453345782681765
            ],
            [
              3.350469065395089,
              6.452777242975458
            ],
            [
              3.3510547407836953,
              6.452673444124173
            ],
            [
              3.351433751066793,
              6.452667439350876
            ],
            [
              3.3514725559137446,
              6.450645445930661
            ],
            [
              3.3514943114133757,
              6.448881955437969
            ],
            [
              3.3501887736929916,
              6.44601074120277
            ],
            [
              3.349475691350108,
              6.444540709386274
            ],
            [
              3.3491766002199483,
              6.4438401186266105
            ],
            [
              3.3490726340948527,
              6.442961323606255
            ],
            [
              3.3490369031306386,
              6.441094474930139
            ],
            [
              3.3490353850750125,
              6.438871461448855
            ],
            [
              3.3490058486410703,
              6.43766519359383
            ],
            [
              3.3490602657187196,
              6.437199610973323
            ],
            [
              3.349059825050915,
              6.436973870347913
            ],
            [
              3.3484715029575227,
              6.4367297592710315
            ],
            [
              3.347724835432871,
              6.436510071982298
            ],
            [
              3.345073758147464,
              6.4365405913752625
            ],
            [
              3.3438106252601756,
              6.436847800685484
            ],
            [
              3.341885319751725,
              6.437582145699537
            ],
            [
              3.3409546338493215,
              6.437880804255769
            ],
            [
              3.3399555625991866,
              6.438059540915106
            ],
            [
              3.3393983948201367,
              6.437835886716869
            ],
            [
              3.3385990108357078,
              6.4378871282883665
            ],
            [
              3.337675748836773,
              6.437980634398798
            ],
            [
              3.3370796583995457,
              6.438062606703966
            ]
          ]
        ]
      }
    },
    {
      "type": "Feature",
      "properties": {
        "lganame": "Epe",
        "lga_match": "epe",
        "ch4_2020": 1889.5096401611975,
        "no2_2020": 2.8437708009145275e-05,
        "co_2020": 0.0537917789654142,
        "isi_2020": 755.8173500697786,
        "hotspots_2020": 0.040498683599194674,
        "ch4_2021": 1907.4107533060912,
        "no2_2021": 3.286540177530086e-05,
        "co_2021": 0.051956041481332045,
        "isi_2021": 762.9773203555138,
        "hotspots_2021": 0.10986759142496849,
        "ch4_2022": 1915.981232628892,
        "no2_2022": 3.1893597927991334e-05,
        "co_2022": 0.05173671997199986,
        "isi_2022": 766.405433083445,
        "hotspots_2022": 0.0,
        "ch4_2023": 1925.5118245344884,
        "no2_2023": 3.3124799676960646e-05,
        "co_2023": 0.04924508568173442,
        "isi_2023": 770.2170526788948,
        "hotspots_2023": 0.0,
        "ch4_2024": 1929.5347348633054,
        "no2_2024": 3.261077572593737e-05,
        "co_2024": 0.05367607174537303,
        "isi_2024": 771.8273243770301,
        "hotspots_2024": 0.0,
        "ch4_2025": 1909.0397648701376,
        "no2_2025": 3.496615628200731e-05,
        "co_2025": 0.05118687946519101,
        "isi_2025": 763.6287149060763,
        "hotspots_2025": 0.0
      },
      "geometry": {
        "type": "Polygon",
        "coordinates": [
          [
            [
              4.2789752450116225,
              6.378159915447782
            ],
            [
              4.27420948657857,
              6.382855238078832
            ],
            [
              4.2613124907788915,
              6.390735713882123
            ],
            [
              4.256007881058906,
              6.392998027736837
            ],
            [
              4.255723533414368,
              6.394099460721577
            ],
            [
              4.242919764935266,
              6.3966077409545505
            ],
            [
              4.230521713006681,
              6.398132659294845
            ],
            [
              4.224405832063553,
              6.401353804234702
            ],
            [
              4.215432897610185,
              6.410276873079283
            ],
            [
              4.21210861212279,
              6.4158460021913015
            ],
            [
              4.210020069770451,
              6.419344846087824
            ],
            [
              4.2017807383904255,
              6.425107336634312
            ],
            [
              4.191306205916703,
              6.42447298723863
            ],
            [
              4.184604073119544,
              6.422717745327759
            ],
            [
              4.183210534938269,
              6.4220876056585325
            ],
            [
              4.181377072693806,
              6.421936967417139
            ],
            [
              4.179532968771525,
              6.422255177234717
            ],
            [
              4.1786512644443405,
              6.421652262741759
            ],
            [
              4.174953654187846,
              6.4215305826703
            ],
            [
              4.172327918898361,
              6.421490656368746
            ],
            [
              4.168689884230844,
              6.420641326735904
            ],
            [
              4.167825561100813,
              6.420941943116247
            ],
            [
              4.159612461146196,
              6.421236280430037
            ],
            [
              4.1565791908769825,
              6.423785457333054
            ],
            [
              4.152685061666318,
              6.42819735502394
            ],
            [
              4.148322594312333,
              6.431221559227652
            ],
            [
              4.147211163564407,
              6.431992028209606
            ],
            [
              4.143866111831642,
              6.433818205945499
            ],
            [
              4.141826268667387,
              6.43339257121022
            ],
            [
              4.136701031427492,
              6.431635082792866
            ],
            [
              4.136138863417841,
              6.431854574928764
            ],
            [
              4.131952101108652,
              6.430755418128115
            ],
            [
              4.130833551327385,
              6.4312173521990985
            ],
            [
              4.129649629826588,
              6.430882486937264
            ],
            [
              4.1276642612966725,
              6.42989766274701
            ],
            [
              4.126345077263579,
              6.4294061059071055
            ],
            [
              4.118154954987233,
              6.425451657368114
            ],
            [
              4.113654144023599,
              6.423882073299069
            ],
            [
              4.110770898658075,
              6.423157665793667
            ],
            [
              4.109953717090434,
              6.422952347872581
            ],
            [
              4.109060151604751,
              6.423461302097451
            ],
            [
              4.106271254115143,
              6.423678229366828
            ],
            [
              4.102652296766109,
              6.425006688108226
            ],
            [
              4.099293355903683,
              6.427139238784889
            ],
            [
              4.0960962561373435,
              6.431118549081816
            ],
            [
              4.0916513389381635,
              6.433329660035838
            ],
            [
              4.0826170248558356,
              6.437369202426794
            ],
            [
              4.081275916250604,
              6.436701988206266
            ],
            [
              4.078070531929541,
              6.436852344959789
            ],
            [
              4.076685717172154,
              6.438147516194988
            ],
            [
              4.07320164913682,
              6.435455172618163
            ],
            [
              4.070568110429974,
              6.434503473156838
            ],
            [
              4.068354955316977,
              6.435532641118527
            ],
            [
              4.06735598209292,
              6.438310681992448
            ],
            [
              4.062165007109456,
              6.443088188269314
            ],
            [
              4.056370888305878,
              6.447810083168861
            ],
            [
              4.05374846971614,
              6.452266623206128
            ],
            [
              4.04476883981016,
              6.45999082381752
            ],
            [
              4.043288665439604,
              6.461525430554218
            ],
            [
              4.042944877104446,
              6.46234406812431
            ],
            [
              4.0410472985939805,
              6.4652153650970945
            ],
            [
              4.039048717224546,
              6.466429850956899
            ],
            [
              4.0345898677282435,
              6.466329358912844
            ],
            [
              4.030089583767335,
              6.465141949841154
            ],
            [
              4.027315568258928,
              6.465769763863534
            ],
            [
              4.025843502175917,
              6.467088435283131
            ],
            [
              4.024985446421283,
              6.468698323368983
            ],
            [
              4.0219480761428485,
              6.471633586420921
            ],
            [
              4.01986397464276,
              6.472246119163117
            ],
            [
              4.016780360325413,
              6.471701386309974
            ],
            [
              4.012113354647624,
              6.472835961110775
            ],
            [
              4.006668160207482,
              6.477776575628525
            ],
            [
              4.004134123391111,
              6.480423391926024
            ],
            [
              4.001984678949839,
              6.487233000003016
            ],
            [
              3.999066208039096,
              6.492350441020108
            ],
            [
              3.993032562902499,
              6.49020850321989
            ],
            [
              3.9886117799097747,
              6.4906191903234
            ],
            [
              3.9827380621119346,
              6.4924983444230975
            ],
            [
              3.9791427920063143,
              6.493652912052312
            ],
            [
              3.97742269020506,
              6.49500595556043
            ],
            [
              3.9754433956961748,
              6.495957449976402
            ],
            [
              3.974670494947418,
              6.49716507400899
            ],
            [
              3.973317389386068,
              6.4982998979219815
            ],
            [
              3.972120748773591,
              6.500099165244308
            ],
            [
              3.9712606506585644,
              6.500761319879075
            ],
            [
              3.970745152966458,
              6.501451529764324
            ],
            [
              3.9695342131334996,
              6.5018681353062675
            ],
            [
              3.9679438871007733,
              6.502008274862021
            ],
            [
              3.9663372239837713,
              6.502654621213821
            ],
            [
              3.9644073130471043,
              6.502428563127751
            ],
            [
              3.9620952702805425,
              6.502570810694408
            ],
            [
              3.960438603059117,
              6.502090545742135
            ],
            [
              3.959244514722627,
              6.502276604681583
            ],
            [
              3.95697007081219,
              6.501667423712661
            ],
            [
              3.952718190392204,
              6.500772645940913
            ],
            [
              3.9516622649016426,
              6.501142218738437
            ],
            [
              3.9486478318320337,
              6.500383247588843
            ],
            [
              3.948125195321552,
              6.506542462364791
            ],
            [
              3.9406023124467993,
              6.510456336190998
            ],
            [
              3.9290090773071142,
              6.510025639171943
            ],
            [
              3.9209052198000904,
              6.506335862010474
            ],
            [
              3.916324737896389,
              6.506788150852515
            ],
            [
              3.9104997102934362,
              6.508866372585089
            ],
            [
              3.903088873952413,
              6.507300178960122
            ],
            [
              3.8952591226104687,
              6.503422321183223
            ],
            [
              3.8946740488682963,
              6.515284802551662
            ],
            [
              3.893304990233162,
              6.52048521142342
            ],
            [
              3.8949473924082554,
              6.532859053602465
            ],
            [
              3.886425791716988,
              6.536664926944866
            ],
            [
              3.8844738797657783,
              6.5370704168663
            ],
            [
              3.877311896626793,
              6.537329876672516
            ],
            [
              3.853351089381306,
              6.536861811923131
            ],
            [
              3.855022649375826,
              6.534800822100294
            ],
            [
              3.8609525271374423,
              6.526183662146366
            ],
            [
              3.8633845142839505,
              6.521067633964208
            ],
            [
              3.8663544363082565,
              6.511528051078756
            ],
            [
              3.849619552200636,
              6.512386826291049
            ],
            [
              3.8467966630356045,
              6.5127744799583525
            ],
            [
              3.822334186973194,
              6.508076325362197
            ],
            [
              3.8044779283138155,
              6.504467349588538
            ],
            [
              3.7882796336982096,
              6.500125449729751
            ],
            [
              3.7211571104123777,
              6.494976934438
            ],
            [
              3.6821390809538457,
              6.487454068650379
            ],
            [
              3.672470391395507,
              6.490234338943651
            ],
            [
              3.667007243789328,
              6.49151175036701
            ],
            [
              3.665477003261117,
              6.492141579770134
            ],
            [
              3.664185690117563,
              6.492686878296865
            ],
            [
              3.6614397343562928,
              6.4924632276958505
            ],
            [
              3.65905485999383,
              6.493110057882916
            ],
            [
              3.6569008092250215,
              6.492729927044536
            ],
            [
              3.654317411319539,
              6.493403397848567
            ],
            [
              3.6515289787793677,
              6.49215752924664
            ],
            [
              3.6484634291439875,
              6.490036197612483
            ],
            [
              3.646528508983579,
              6.488851585432371
            ],
            [
              3.6449374841776034,
              6.487130423330427
            ],
            [
              3.6443605573938385,
              6.485044183242508
            ],
            [
              3.642959591711815,
              6.482231418645085
            ],
            [
              3.639943676559483,
              6.480210634812977
            ],
            [
              3.6321041900563955,
              6.484960174872242
            ],
            [
              3.630620325767495,
              6.485855609149098
            ],
            [
              3.6249858186406527,
              6.486720353161843
            ],
            [
              3.621524665331094,
              6.4874197343333435
            ],
            [
              3.620209663145488,
              6.488227313839502
            ],
            [
              3.6189685681449646,
              6.4886040389453115
            ],
            [
              3.618966363007303,
              6.489099926920119
            ],
            [
              3.618860583848914,
              6.490264172153843
            ],
            [
              3.619122384590412,
              6.49145860133342
            ],
            [
              3.6198586478583366,
              6.4924226907546085
            ],
            [
              3.6218815765735712,
              6.493599644308176
            ],
            [
              3.6253594311928623,
              6.494820744681647
            ],
            [
              3.627152076806965,
              6.4955231232935375
            ],
            [
              3.628455029875795,
              6.496517129561937
            ],
            [
              3.628977640305891,
              6.498063526410647
            ],
            [
              3.6289939998732166,
              6.498905954646148
            ],
            [
              3.626957527368063,
              6.505316216070582
            ],
            [
              3.62402721508397,
              6.508602286666246
            ],
            [
              3.6161905938208747,
              6.513378871138059
            ],
            [
              3.6289815172832505,
              6.524809461187715
            ],
            [
              3.63292474408172,
              6.539690969362766
            ],
            [
              3.6340742620176343,
              6.5403596503776384
            ],
            [
              3.6354676877836027,
              6.544665860641032
            ],
            [
              3.641794191748602,
              6.5515027001895305
            ],
            [
              3.6503659035636247,
              6.5548423029300125
            ],
            [
              3.6571660984367327,
              6.55765754426028
            ],
            [
              3.6622933672451268,
              6.562150210064203
            ],
            [
              3.6641995747506257,
              6.565402216139432
            ],
            [
              3.669534980854735,
              6.572814701837046
            ],
            [
              3.675378416680644,
              6.575774537065286
            ],
            [
              3.6788794072588757,
              6.580843580167141
            ],
            [
              3.682566963094928,
              6.582274532843485
            ],
            [
              3.6839591747761347,
              6.585288176308325
            ],
            [
              3.6875029164265243,
              6.586527820702429
            ],
            [
              3.6899021349755685,
              6.590832430172554
            ],
            [
              3.694787237041396,
              6.59283601177259
            ],
            [
              3.7007027742137097,
              6.597577137774749
            ],
            [
              3.6969592103993136,
              6.606864487805922
            ],
            [
              3.698649238871326,
              6.6077696518480025
            ],
            [
              3.7006048911028984,
              6.60966238121398
            ],
            [
              3.699859854049066,
              6.6108696419204875
            ],
            [
              3.7000222086580266,
              6.6119492609497
            ],
            [
              3.699907843672122,
              6.612317029707185
            ],
            [
              3.7001382877518267,
              6.612799191329657
            ],
            [
              3.7000472709648307,
              6.61343114493144
            ],
            [
              3.6996915540220243,
              6.613730325993799
            ],
            [
              3.6993010171282776,
              6.613776826339517
            ],
            [
              3.69935907196367,
              6.61421327901968
            ],
            [
              3.6994859294321714,
              6.614557732853143
            ],
            [
              3.6994060750303674,
              6.614959916866724
            ],
            [
              3.69946447070879,
              6.615637610887063
            ],
            [
              3.69969523944377,
              6.616349525909925
            ],
            [
              3.699581197314444,
              6.616947048967177
            ],
            [
              3.699489807308794,
              6.617314785349095
            ],
            [
              3.699593848976974,
              6.617774149157697
            ],
            [
              3.699697664915334,
              6.618072683607522
            ],
            [
              3.699709750904333,
              6.618497713099032
            ],
            [
              3.6994576538476736,
              6.618957577829974
            ],
            [
              3.698954004723589,
              6.620267889151819
            ],
            [
              3.698576017868959,
              6.621072561149845
            ],
            [
              3.6981856851213024,
              6.6212684020151755
            ],
            [
              3.6969583209697703,
              6.622625678632232
            ],
            [
              3.697097536921831,
              6.623590454236137
            ],
            [
              3.6971902840044777,
              6.624187685913
            ],
            [
              3.6970761888151173,
              6.624750746050154
            ],
            [
              3.696812759401382,
              6.625325502769783
            ],
            [
              3.695871807737774,
              6.626119477332054
            ],
            [
              3.694770576201165,
              6.627315743826557
            ],
            [
              3.694104896224019,
              6.627787672962768
            ],
            [
              3.693163198123159,
              6.628053206790128
            ],
            [
              3.692610235573966,
              6.626974130951453
            ],
            [
              3.6918420373801837,
              6.628078026279923
            ],
            [
              3.6916125996418145,
              6.628319587778776
            ],
            [
              3.6910271122114864,
              6.6286305733423205
            ],
            [
              3.6899816611248184,
              6.628643514586599
            ],
            [
              3.6900873746326965,
              6.630309093190135
            ],
            [
              3.6908361231886033,
              6.631732532930073
            ],
            [
              3.6894610858605006,
              6.6343306788178324
            ],
            [
              3.687282199414028,
              6.6372056432259114
            ],
            [
              3.6858477438782984,
              6.638402356683457
            ],
            [
              3.684090500076593,
              6.63880685824995
            ],
            [
              3.6837628078073976,
              6.640020042790809
            ],
            [
              3.6839559821828516,
              6.641245138852128
            ],
            [
              3.6864958457067587,
              6.650106346031066
            ],
            [
              3.687343279568722,
              6.653628080371675
            ],
            [
              3.688361015348619,
              6.655675314164455
            ],
            [
              3.689606330867548,
              6.656122740372211
            ],
            [
              3.689952086919334,
              6.657093917350437
            ],
            [
              3.6907905176682902,
              6.657571400699624
            ],
            [
              3.6909629581740546,
              6.6610653477875985
            ],
            [
              3.6906066260949615,
              6.663004403030811
            ],
            [
              3.692505320664054,
              6.6685062844375125
            ],
            [
              3.695045668922546,
              6.670680594234113
            ],
            [
              3.6970838069721594,
              6.673166724165014
            ],
            [
              3.699150216109615,
              6.678692261338824
            ],
            [
              3.699014341138991,
              6.684149117287973
            ],
            [
              3.724774966091843,
              6.684127197212433
            ],
            [
              3.740453654912301,
              6.684008135966735
            ],
            [
              3.754265342171834,
              6.683987169172553
            ],
            [
              3.755180387065252,
              6.683994056180779
            ],
            [
              3.7572466010498715,
              6.682727251361598
            ],
            [
              3.764619263867985,
              6.6827732948517
            ],
            [
              3.7746344550161552,
              6.6827576421515005
            ],
            [
              3.7925203103640683,
              6.682901492310066
            ],
            [
              3.799835189942087,
              6.682774790424276
            ],
            [
              3.8171465610649875,
              6.682976113556833
            ],
            [
              3.8273084199476557,
              6.682847994339511
            ],
            [
              3.8381720360106897,
              6.682711025793253
            ],
            [
              3.8623191081403547,
              6.682688476192254
            ],
            [
              3.8673168403998943,
              6.682583972272539
            ],
            [
              3.887843504574107,
              6.681973030431038
            ],
            [
              3.898260141392484,
              6.681762687997718
            ],
            [
              3.903000777264083,
              6.68157065576122
            ],
            [
              3.912122878667958,
              6.681201142318912
            ],
            [
              3.914000271895077,
              6.681637999693976
            ],
            [
              3.9330028558971435,
              6.685335660312546
            ],
            [
              3.941890888054104,
              6.686888625809502
            ],
            [
              3.9587917348507062,
              6.689341450247753
            ],
            [
              3.967793826224124,
              6.690424653075354
            ],
            [
              3.9680900179400282,
              6.69046525566705
            ],
            [
              3.978807413231607,
              6.691934445718118
            ],
            [
              3.981811651586497,
              6.684391906361441
            ],
            [
              3.982532114665389,
              6.682713381117708
            ],
            [
              3.989425280552325,
              6.682573222676126
            ],
            [
              3.9939287643010744,
              6.682460771447495
            ],
            [
              4.0004311342894425,
              6.682252326583637
            ],
            [
              4.002442878136378,
              6.682198459891083
            ],
            [
              4.022140408752932,
              6.681583630280386
            ],
            [
              4.040090365977676,
              6.680899920694856
            ],
            [
              4.047653355917703,
              6.680668516139178
            ],
            [
              4.063234023131713,
              6.6802043814271315
            ],
            [
              4.073190353651967,
              6.679943486302875
            ],
            [
              4.085006975891247,
              6.6797772430253985
            ],
            [
              4.0913323170328795,
              6.6796882551089425
            ],
            [
              4.096914880217582,
              6.671539591578949
            ],
            [
              4.093887719043039,
              6.666377387706348
            ],
            [
              4.09487558743848,
              6.65855001686981
            ],
            [
              4.09579949425131,
              6.654264461335856
            ],
            [
              4.096370124881389,
              6.652564150914884
            ],
            [
              4.09517937302968,
              6.651615974097979
            ],
            [
              4.09510342798086,
              6.651555500985637
            ],
            [
              4.090016645751632,
              6.647504977872472
            ],
            [
              4.093292661027533,
              6.646229449629459
            ],
            [
              4.088087174583507,
              6.640760883607925
            ],
            [
              4.083290749268713,
              6.636248562221397
            ],
            [
              4.079221022931904,
              6.635707039947988
            ],
            [
              4.076152676404945,
              6.6334163920528795
            ],
            [
              4.070596940896166,
              6.631849005926938
            ],
            [
              4.066693305851459,
              6.634893893638321
            ],
            [
              4.064332483857072,
              6.636146544927158
            ],
            [
              4.0628158347830094,
              6.636449925823456
            ],
            [
              4.05851663113765,
              6.634483355822283
            ],
            [
              4.062381101606604,
              6.628588190092955
            ],
            [
              4.05956189156808,
              6.624071662577194
            ],
            [
              4.057555780175164,
              6.620760814759819
            ],
            [
              4.054730320747751,
              6.6220111116235785
            ],
            [
              4.054678510804706,
              6.620443737188793
            ],
            [
              4.054489672060754,
              6.615224574754393
            ],
            [
              4.058370370796013,
              6.608655527230837
            ],
            [
              4.058602118892736,
              6.596034366093193
            ],
            [
              4.061196912107846,
              6.585169589005375
            ],
            [
              4.062973503924127,
              6.583395550364401
            ],
            [
              4.063121661835282,
              6.5832476055925895
            ],
            [
              4.069678656644726,
              6.576700036577449
            ],
            [
              4.070226959806405,
              6.576181758181633
            ],
            [
              4.069640786193361,
              6.572552573742314
            ],
            [
              4.07172972964338,
              6.571265101603217
            ],
            [
              4.077395892906168,
              6.571099782828753
            ],
            [
              4.090486868873938,
              6.569616473421547
            ],
            [
              4.098761843084617,
              6.571895690034125
            ],
            [
              4.100973723858317,
              6.567908835324545
            ],
            [
              4.101334211704568,
              6.5577233251713665
            ],
            [
              4.109519558580814,
              6.554182759926505
            ],
            [
              4.116797345621023,
              6.5557747236246655
            ],
            [
              4.118802361639723,
              6.562126097441478
            ],
            [
              4.119663300620857,
              6.564849142973628
            ],
            [
              4.1212701346090626,
              6.5699313674386985
            ],
            [
              4.128171862041825,
              6.57443385293999
            ],
            [
              4.131782934135174,
              6.579786018809784
            ],
            [
              4.135845009939317,
              6.581384900093099
            ],
            [
              4.144423231946632,
              6.58220766375274
            ],
            [
              4.1562310354339616,
              6.588842539851385
            ],
            [
              4.16329071979095,
              6.595181877141954
            ],
            [
              4.177784630956012,
              6.6041071061580965
            ],
            [
              4.193155570872932,
              6.59534105624482
            ],
            [
              4.2063310255564375,
              6.597223713203846
            ],
            [
              4.213609710120068,
              6.598890673166068
            ],
            [
              4.21666896000454,
              6.597351741589648
            ],
            [
              4.222408089761586,
              6.595729662294104
            ],
            [
              4.224011258113137,
              6.5937348203057695
            ],
            [
              4.235895857407968,
              6.5781839629195815
            ],
            [
              4.2409555934259515,
              6.571563357263187
            ],
            [
              4.239324706170294,
              6.5623020497998255
            ],
            [
              4.232702014986046,
              6.54692713937601
            ],
            [
              4.225640365610445,
              6.539746500700517
            ],
            [
              4.210754619829913,
              6.531143792851822
            ],
            [
              4.208619093296591,
              6.529909637919502
            ],
            [
              4.197897154630027,
              6.528710061919867
            ],
            [
              4.191611261350658,
              6.525508836963297
            ],
            [
              4.1852470712953505,
              6.521541957095678
            ],
            [
              4.181723165991343,
              6.520707903347102
            ],
            [
              4.178116448415437,
              6.517193893283604
            ],
            [
              4.173510549872049,
              6.51199751787118
            ],
            [
              4.1676099162646665,
              6.509713935949435
            ],
            [
              4.163622323211712,
              6.506966422562414
            ],
            [
              4.164152441182239,
              6.504438216050858
            ],
            [
              4.165389693379666,
              6.5026616961803825
            ],
            [
              4.1678915902247695,
              6.499069323690378
            ],
            [
              4.1693195580512,
              6.487503161741586
            ],
            [
              4.173446655738644,
              6.48443061897791
            ],
            [
              4.177504071255953,
              6.484344640193058
            ],
            [
              4.183013049212889,
              6.482953470826089
            ],
            [
              4.195782323295646,
              6.476184967162567
            ],
            [
              4.202134878821653,
              6.4754807988998095
            ],
            [
              4.204882914714801,
              6.472105014634792
            ],
            [
              4.2141470496466695,
              6.4724658334314995
            ],
            [
              4.219355940024684,
              6.473755115006611
            ],
            [
              4.2247906375778825,
              6.473435745962945
            ],
            [
              4.2307502676108015,
              6.468597202698788
            ],
            [
              4.234937720599362,
              6.4590919289494195
            ],
            [
              4.238376267650665,
              6.456480079192374
            ],
            [
              4.243810547019166,
              6.45608397099852
            ],
            [
              4.2475593502838365,
              6.455155923706968
            ],
            [
              4.250683702990557,
              6.449328705355526
            ],
            [
              4.260086784077885,
              6.444175170048084
            ],
            [
              4.264146198788069,
              6.445084003324155
            ],
            [
              4.265924135090813,
              6.452047709334352
            ],
            [
              4.276268262270548,
              6.455927102254009
            ],
            [
              4.279864048587001,
              6.455075785119448
            ],
            [
              4.28039280318535,
              6.455165318924401
            ],
            [
              4.284765426583192,
              6.455905739758123
            ],
            [
              4.291334057720633,
              6.4500696621852285
            ],
            [
              4.293936362073509,
              6.449909920106791
            ],
            [
              4.303115859109653,
              6.447359675708526
            ],
            [
              4.312220063105485,
              6.445345477611738
            ],
            [
              4.321038983262497,
              6.451448403820848
            ],
            [
              4.3283789152548025,
              6.448060210710196
            ],
            [
              4.353724428439648,
              6.451056359663312
            ],
            [
              4.3686295177381,
              6.438459141176452
            ],
            [
              4.367156179114431,
              6.407146073132822
            ],
            [
              4.362509352424695,
              6.3866376903771425
            ],
            [
              4.3596636789357035,
              6.3678255333217635
            ],
            [
              4.35083770809382,
              6.370382298704158
            ],
            [
              4.342169901020156,
              6.371093365666354
            ],
            [
              4.329501454428623,
              6.372881431932569
            ],
            [
              4.29289980708046,
              6.376991054893324
            ],
            [
              4.2789752450116225,
              6.378159915447782
            ]
          ]
        ]
      }
    },
    {
      "type": "Feature",
      "properties": {
        "lganame": "Amuwo Odofin",
        "lga_match": "amuwo odofin",
        "ch4_2020": null,
        "no2_2020": 5.1736937787715654e-05,
        "co_2020": 0.05655269808598292,
        "isi_2020": null,
        "hotspots_2020": null,
        "ch4_2021": 1911.298042972974,
        "no2_2021": 5.580916279770775e-05,
        "co_2021": 0.053656210367186895,
        "isi_2021": 764.5327776961981,
        "hotspots_2021": 0.24316109422492407,
        "ch4_2022": 1954.5948459823207,
        "no2_2022": 5.5485816686233446e-05,
        "co_2022": 0.05358933605563067,
        "isi_2022": 781.8514530831334,
        "hotspots_2022": 0.5085764550652397,
        "ch4_2023": 1959.2009006592218,
        "no2_2023": 5.599528196537222e-05,
        "co_2023": 0.051561164079017355,
        "isi_2023": 783.6932701530567,
        "hotspots_2023": 0.4812930061729761,
        "ch4_2024": 1960.0775920988663,
        "no2_2024": 5.111096226444712e-05,
        "co_2024": 0.05534577293311366,
        "isi_2024": 784.0448911716165,
        "hotspots_2024": 0.20284532159214105,
        "ch4_2025": 1949.7490879303566,
        "no2_2025": 3.9162486529003793e-05,
        "co_2025": 0.05188595836184123,
        "isi_2025": 779.9126203686034,
        "hotspots_2025": 0.2639776976347987
      },
      "geometry": {
        "type": "Polygon",
        "coordinates": [
          [
            [
              3.315561577105143,
              6.459793440614817
            ],
            [
              3.3155426742550844,
              6.459682767345896
            ],
            [
              3.315438619996371,
              6.459073571987801
            ],
            [
              3.3153462056629337,
              6.458215822901934
            ],
            [
              3.3153917113584157,
              6.4575111681059525
            ],
            [
              3.315505790359964,
              6.456258853163604
            ],
            [
              3.3159527579135215,
              6.454707629653456
            ],
            [
              3.316142024734688,
              6.454332819204296
            ],
            [
              3.316159950921019,
              6.454297321164461
            ],
            [
              3.316446021666593,
              6.4537308031340785
            ],
            [
              3.3168589939474487,
              6.452926353268651
            ],
            [
              3.317627756915499,
              6.4517195835919665
            ],
            [
              3.318224356369001,
              6.450700567177478
            ],
            [
              3.3185683146760425,
              6.449742978056065
            ],
            [
              3.3189714141994386,
              6.448337979813971
            ],
            [
              3.319191928864484,
              6.447265635400811
            ],
            [
              3.319201414014117,
              6.447219511871026
            ],
            [
              3.319281528319948,
              6.446829922862719
            ],
            [
              3.319974537794735,
              6.445417363120839
            ],
            [
              3.3204525742269766,
              6.444603295905438
            ],
            [
              3.321313339638948,
              6.443621446672466
            ],
            [
              3.3226047768889657,
              6.442615390388028
            ],
            [
              3.3242554042635675,
              6.442063855062884
            ],
            [
              3.325092641612173,
              6.441728241565158
            ],
            [
              3.326145345731163,
              6.441583964228641
            ],
            [
              3.326149157058012,
              6.441549450946468
            ],
            [
              3.32632265606577,
              6.441600125945115
            ],
            [
              3.326460446592364,
              6.441554084253653
            ],
            [
              3.326986799101519,
              6.441481944236386
            ],
            [
              3.3279916260127607,
              6.4413057823360305
            ],
            [
              3.3290825917882216,
              6.441132751875045
            ],
            [
              3.3309649726554085,
              6.440814644580257
            ],
            [
              3.3327679316947183,
              6.4405262616776895
            ],
            [
              3.3345018821561894,
              6.440088567033797
            ],
            [
              3.334713585263785,
              6.439987325854474
            ],
            [
              3.3355122443946357,
              6.439605389177416
            ],
            [
              3.3363846263494565,
              6.4388810419266065
            ],
            [
              3.3370846928043534,
              6.438099363794663
            ],
            [
              3.3370796583995457,
              6.438062606703966
            ],
            [
              3.337050071603585,
              6.43784664080988
            ],
            [
              3.336820396444182,
              6.43788125841337
            ],
            [
              3.3364988852154056,
              6.437984865709041
            ],
            [
              3.3359017443700623,
              6.438100144406178
            ],
            [
              3.335625855748674,
              6.43772120516951
            ],
            [
              3.334879282652821,
              6.4376412761240545
            ],
            [
              3.334649704620233,
              6.437825242341091
            ],
            [
              3.3345462421154366,
              6.4376759602773745
            ],
            [
              3.331973490384314,
              6.4374823344422225
            ],
            [
              3.3317246003101104,
              6.437407102555767
            ],
            [
              3.33188235308819,
              6.434203631092771
            ],
            [
              3.332050874348397,
              6.4298963011734145
            ],
            [
              3.342527718979113,
              6.42755361760544
            ],
            [
              3.3542750727364705,
              6.4247115872699965
            ],
            [
              3.3544554686450283,
              6.424548690369818
            ],
            [
              3.359591686607075,
              6.397662151986765
            ],
            [
              3.3531322916219892,
              6.398193184567845
            ],
            [
              3.3466492273799986,
              6.399131037167706
            ],
            [
              3.341290554915247,
              6.399972325962096
            ],
            [
              3.337271517966201,
              6.400573338388881
            ],
            [
              3.3349988412235803,
              6.400909906067341
            ],
            [
              3.33387438559447,
              6.400958507229348
            ],
            [
              3.331840739658446,
              6.400959823836843
            ],
            [
              3.325857666997763,
              6.401204913376091
            ],
            [
              3.3241427129159433,
              6.4012213161108775
            ],
            [
              3.3189673105929387,
              6.401408370599881
            ],
            [
              3.3138378015733565,
              6.401534075137533
            ],
            [
              3.309106432316071,
              6.401705441852698
            ],
            [
              3.306111368844654,
              6.401890512437262
            ],
            [
              3.304182064950396,
              6.401952929883862
            ],
            [
              3.3022374482996497,
              6.402015350028421
            ],
            [
              3.300553102643619,
              6.402016339282682
            ],
            [
              3.2986850012118794,
              6.402002110209253
            ],
            [
              3.296104881335282,
              6.4019893065612905
            ],
            [
              3.2922385402764576,
              6.401991521591469
            ],
            [
              3.2902479269003493,
              6.401954355309272
            ],
            [
              3.2876257043628243,
              6.401954234800144
            ],
            [
              3.285127893137826,
              6.4019556269506666
            ],
            [
              3.282300919252066,
              6.402050246421766
            ],
            [
              3.279965852941814,
              6.402151091000121
            ],
            [
              3.275938831811686,
              6.40234883123361
            ],
            [
              3.2690101552944952,
              6.402601424716011
            ],
            [
              3.2581959686690425,
              6.402855894184199
            ],
            [
              3.2467500011117068,
              6.402842373776593
            ],
            [
              3.2411657103293123,
              6.402763739754846
            ],
            [
              3.2397262500664397,
              6.402605524725232
            ],
            [
              3.2377969021054014,
              6.4026179101884395
            ],
            [
              3.235878990822812,
              6.402526886206886
            ],
            [
              3.2328011546496214,
              6.402401916415386
            ],
            [
              3.230240121084762,
              6.402299673391269
            ],
            [
              3.2268407080322845,
              6.402128857061143
            ],
            [
              3.2241533287132143,
              6.401980684760815
            ],
            [
              3.2215463559795694,
              6.401866930414542
            ],
            [
              3.219146114002001,
              6.401787540062969
            ],
            [
              3.2170674372125063,
              6.401719491061726
            ],
            [
              3.21471312271251,
              6.401617082562382
            ],
            [
              3.2128871293376164,
              6.401617843388806
            ],
            [
              3.2100620602159324,
              6.401756868684572
            ],
            [
              3.207926021968376,
              6.4018381584043595
            ],
            [
              3.20575552619664,
              6.401907963781525
            ],
            [
              3.2036194951436414,
              6.402012213193132
            ],
            [
              3.201732267829925,
              6.402062740702945
            ],
            [
              3.2016755538837742,
              6.403866474957908
            ],
            [
              3.2016654050344755,
              6.407267105692426
            ],
            [
              3.2016199452043566,
              6.408484916345856
            ],
            [
              3.2015980952759264,
              6.411334098090208
            ],
            [
              3.2015434830453273,
              6.413509166015274
            ],
            [
              3.2015424083555217,
              6.413552005220936
            ],
            [
              3.2015453842121815,
              6.413582056067071
            ],
            [
              3.2016418409982066,
              6.4138204762340365
            ],
            [
              3.20176380165816,
              6.414121934379807
            ],
            [
              3.2018214958653743,
              6.414811226956601
            ],
            [
              3.2016609605848885,
              6.415443164370572
            ],
            [
              3.201270715071473,
              6.4160292363602025
            ],
            [
              3.2012670854077214,
              6.416032771595155
            ],
            [
              3.200845948182007,
              6.416442991950589
            ],
            [
              3.200845817780305,
              6.4164432221770085
            ],
            [
              3.2003983591969813,
              6.417235881031161
            ],
            [
              3.200015826269407,
              6.417971299835642
            ],
            [
              3.1993271497282194,
              6.419005542671698
            ],
            [
              3.1992507936892025,
              6.4195417067844005
            ],
            [
              3.1992473142122435,
              6.420436862271401
            ],
            [
              3.1991904671663747,
              6.421918914426385
            ],
            [
              3.1992027779858745,
              6.4240443002043435
            ],
            [
              3.1994214670271504,
              6.4252734953755635
            ],
            [
              3.199651735739053,
              6.426743945376813
            ],
            [
              3.199709801366282,
              6.428386791817047
            ],
            [
              3.199653098211968,
              6.430236477831215
            ],
            [
              3.199435570195476,
              6.431994317883493
            ],
            [
              3.199860611378142,
              6.432246900574057
            ],
            [
              3.2004924903362166,
              6.432775129069
            ],
            [
              3.20076835017926,
              6.433337961677637
            ],
            [
              3.200963816027354,
              6.433900825762521
            ],
            [
              3.2009870338246174,
              6.434532690331423
            ],
            [
              3.2025145736886884,
              6.434623995800791
            ],
            [
              3.207487649235645,
              6.434805818034135
            ],
            [
              3.2116223174160723,
              6.434976451801845
            ],
            [
              3.214057184191745,
              6.4350903239593436
            ],
            [
              3.21582589704758,
              6.435147022617059
            ],
            [
              3.2162164501291386,
              6.4352962093526
            ],
            [
              3.2181348749246013,
              6.436306389028687
            ],
            [
              3.2197661030232894,
              6.437132866888362
            ],
            [
              3.2210067402688765,
              6.4377182499972605
            ],
            [
              3.2215811372597045,
              6.438051170025517
            ],
            [
              3.2223458568758474,
              6.438742462694563
            ],
            [
              3.2229547527596765,
              6.439171103863373
            ],
            [
              3.223598077389397,
              6.439534627820876
            ],
            [
              3.2239887410875667,
              6.439925067587865
            ],
            [
              3.224597597401271,
              6.44025796962967
            ],
            [
              3.22550500075522,
              6.44044138726025
            ],
            [
              3.226148187788681,
              6.440487056632378
            ],
            [
              3.2264377443065086,
              6.440567348104707
            ],
            [
              3.2268858063349626,
              6.440888828756499
            ],
            [
              3.227077613740903,
              6.441204526767535
            ],
            [
              3.227081195740652,
              6.441210422722861
            ],
            [
              3.2273162299600813,
              6.442081075281465
            ],
            [
              3.227325656653761,
              6.442115995956499
            ],
            [
              3.2285490341106993,
              6.442081047402439
            ],
            [
              3.230180985264326,
              6.442034421151675
            ],
            [
              3.230185420720659,
              6.442034295246572
            ],
            [
              3.230239610269848,
              6.443347795564364
            ],
            [
              3.230188395677942,
              6.445127448672849
            ],
            [
              3.230187357860302,
              6.446331017662374
            ],
            [
              3.2301153293590232,
              6.447908813441018
            ],
            [
              3.230320580730279,
              6.450291461082088
            ],
            [
              3.2303231527913,
              6.450321317674707
            ],
            [
              3.230751892885621,
              6.451011924161037
            ],
            [
              3.231085393875901,
              6.451569001108567
            ],
            [
              3.2312349853064006,
              6.452189314785073
            ],
            [
              3.23120583108431,
              6.4523966220065745
            ],
            [
              3.231298359631637,
              6.453821161617384
            ],
            [
              3.2313296209653117,
              6.455215092802348
            ],
            [
              3.231437109734884,
              6.455858403942216
            ],
            [
              3.231284346395512,
              6.45668564982293
            ],
            [
              3.231014374413917,
              6.4583255446881935
            ],
            [
              3.2310094524243596,
              6.458355445347593
            ],
            [
              3.2310076735653297,
              6.458363059008036
            ],
            [
              3.230859656847713,
              6.458996957843397
            ],
            [
              3.230841324167841,
              6.459075471355959
            ],
            [
              3.230856720561235,
              6.459259281091022
            ],
            [
              3.23089219701734,
              6.459317772097563
            ],
            [
              3.2311632310982645,
              6.45976463892697
            ],
            [
              3.2320820252652993,
              6.459656993675367
            ],
            [
              3.2337511076275405,
              6.459334550748963
            ],
            [
              3.235680442098783,
              6.458828164987892
            ],
            [
              3.2378700322761915,
              6.458153151846545
            ],
            [
              3.2378700493633232,
              6.458191605957893
            ],
            [
              3.2378706537077733,
              6.4594858239116775
            ],
            [
              3.2377803572776997,
              6.462886478028565
            ],
            [
              3.2377975109463932,
              6.466823212621193
            ],
            [
              3.23776795562668,
              6.469120937281502
            ],
            [
              3.2377533218583494,
              6.470576159961865
            ],
            [
              3.236804466053286,
              6.471939910798312
            ],
            [
              3.2360084788082872,
              6.472721502595334
            ],
            [
              3.235288927641932,
              6.473212015322304
            ],
            [
              3.2348144282433395,
              6.473748367393284
            ],
            [
              3.234707346866628,
              6.474008822748999
            ],
            [
              3.23443233598357,
              6.475418212380646
            ],
            [
              3.2340044052791086,
              6.477317850338579
            ],
            [
              3.2336680759210026,
              6.478604721730562
            ],
            [
              3.2337389658806046,
              6.4786519460305385
            ],
            [
              3.234357445839521,
              6.479063946144265
            ],
            [
              3.2356749157647755,
              6.47995178384781
            ],
            [
              3.236486892056462,
              6.480594764936484
            ],
            [
              3.2372070961306463,
              6.481482876033965
            ],
            [
              3.2372124093252523,
              6.481410682956721
            ],
            [
              3.2372984042979738,
              6.480242070615134
            ],
            [
              3.2373085594425106,
              6.4802485942972226
            ],
            [
              3.23772734404173,
              6.480517595011065
            ],
            [
              3.238202185182729,
              6.480701188908768
            ],
            [
              3.238661516615764,
              6.480471202583999
            ],
            [
              3.239136097852679,
              6.480103345692896
            ],
            [
              3.2396414601852825,
              6.480057152915322
            ],
            [
              3.239645692394845,
              6.480046322379906
            ],
            [
              3.23977912570615,
              6.479704773356673
            ],
            [
              3.2389362082394655,
              6.478403135096642
            ],
            [
              3.238890148561552,
              6.478158068040443
            ],
            [
              3.2390271368929007,
              6.476365791148396
            ],
            [
              3.2392104070347045,
              6.475293440439998
            ],
            [
              3.2394703353876935,
              6.474404869788941
            ],
            [
              3.239481099373279,
              6.474395825307113
            ],
            [
              3.240327605134894,
              6.47368451642734
            ],
            [
              3.240336868151985,
              6.473674884688251
            ],
            [
              3.2407255848179375,
              6.4732707401526
            ],
            [
              3.240726172075256,
              6.473270571979356
            ],
            [
              3.24115433120744,
              6.473147991686517
            ],
            [
              3.241422384035843,
              6.473253177292349
            ],
            [
              3.24142446956364,
              6.473237995836882
            ],
            [
              3.241460537773662,
              6.472975518805185
            ],
            [
              3.2415944477256176,
              6.472783979397207
            ],
            [
              3.2415987033175497,
              6.472782821070382
            ],
            [
              3.242474913686351,
              6.4725442147437775
            ],
            [
              3.2434605868366475,
              6.47214164492101
            ],
            [
              3.2439966097558113,
              6.472179682646299
            ],
            [
              3.244101947347019,
              6.4722849437951595
            ],
            [
              3.2441788447779345,
              6.472964646001685
            ],
            [
              3.244408680915967,
              6.473213454237566
            ],
            [
              3.244887451194984,
              6.473615321689806
            ],
            [
              3.245270612748641,
              6.474237434010433
            ],
            [
              3.2451272797002275,
              6.474735340063944
            ],
            [
              3.245194932100503,
              6.476085209864607
            ],
            [
              3.2455780118158373,
              6.476534993195401
            ],
            [
              3.246353579953791,
              6.477089897380893
            ],
            [
              3.2473969212309726,
              6.4771659800260295
            ],
            [
              3.247400996958504,
              6.477153946197689
            ],
            [
              3.2474698832285753,
              6.476972945944738
            ],
            [
              3.2479646335610255,
              6.47714530281354
            ],
            [
              3.250620728164108,
              6.477096129682707
            ],
            [
              3.2537755606936116,
              6.47716828139113
            ],
            [
              3.2585231708077345,
              6.477365020679201
            ],
            [
              3.262086441236306,
              6.477531054414669
            ],
            [
              3.2625692899408136,
              6.477564610818206
            ],
            [
              3.2640008289750995,
              6.477664094722229
            ],
            [
              3.2663842356440114,
              6.47781603068529
            ],
            [
              3.2680114671555316,
              6.477930060224139
            ],
            [
              3.2692342933279974,
              6.478031771748931
            ],
            [
              3.2701531900177656,
              6.478077237874288
            ],
            [
              3.2712407851341823,
              6.478566835091442
            ],
            [
              3.2712424650677576,
              6.478552060129516
            ],
            [
              3.271352590649599,
              6.478674718663399
            ],
            [
              3.2716972837027356,
              6.478889945314791
            ],
            [
              3.2720539494302443,
              6.479117131150758
            ],
            [
              3.2728576087916394,
              6.479643893750733
            ],
            [
              3.273317261282614,
              6.480041915701918
            ],
            [
              3.2740067660994328,
              6.480684901287191
            ],
            [
              3.274757340279052,
              6.48097553699148
            ],
            [
              3.275538552562182,
              6.481281473761044
            ],
            [
              3.2772695262676734,
              6.48204643169754
            ],
            [
              3.278755536338963,
              6.482934061657659
            ],
            [
              3.2791939351520227,
              6.48325382370507
            ],
            [
              3.2794333328820358,
              6.483445167060836
            ],
            [
              3.2798355546671587,
              6.483827896040623
            ],
            [
              3.2801515854273475,
              6.484124506840544
            ],
            [
              3.280572967268654,
              6.484535945777338
            ],
            [
              3.2818175921082116,
              6.485080960118239
            ],
            [
              3.2824399076756663,
              6.485358252581364
            ],
            [
              3.2828898807634346,
              6.485539903044128
            ],
            [
              3.283016913599738,
              6.485419577351649
            ],
            [
              3.2831621918816722,
              6.485652836309384
            ],
            [
              3.2835758098757992,
              6.4858670566194405
            ],
            [
              3.2844949889526447,
              6.486387353993223
            ],
            [
              3.287007835043596,
              6.48854577636655
            ],
            [
              3.2887545468848884,
              6.489984674553114
            ],
            [
              3.289490055621627,
              6.4906735651329655
            ],
            [
              3.2900422330626498,
              6.491590370898962
            ],
            [
              3.290072864870865,
              6.489364458003365
            ],
            [
              3.29020666240757,
              6.4862130240118745
            ],
            [
              3.2902710241884847,
              6.484354533634871
            ],
            [
              3.2903243638783124,
              6.4828142755584395
            ],
            [
              3.292119327944704,
              6.4832919333760515
            ],
            [
              3.2996262586449916,
              6.485226236601591
            ],
            [
              3.3017163990925837,
              6.485759531876965
            ],
            [
              3.303758139826357,
              6.486310045572168
            ],
            [
              3.3094062491990712,
              6.487608657613521
            ],
            [
              3.313088662711664,
              6.488391442810894
            ],
            [
              3.315245758584922,
              6.488811349764035
            ],
            [
              3.3154212981544333,
              6.488902191183229
            ],
            [
              3.3161395875719677,
              6.489555947948702
            ],
            [
              3.316446854438823,
              6.489831001099844
            ],
            [
              3.3165984198812453,
              6.4898508509360795
            ],
            [
              3.3171806760474283,
              6.489806606989362
            ],
            [
              3.3173163010065423,
              6.489846412781787
            ],
            [
              3.3173475866218496,
              6.490449338066526
            ],
            [
              3.317400366933441,
              6.490664714005391
            ],
            [
              3.3179130614386736,
              6.491626552423497
            ],
            [
              3.318588755366818,
              6.493028677331665
            ],
            [
              3.319082482270801,
              6.494263376353786
            ],
            [
              3.3195952649095943,
              6.4953544563431365
            ],
            [
              3.320183983604011,
              6.495430673886517
            ],
            [
              3.3208651750878175,
              6.495605482307212
            ],
            [
              3.321505119165977,
              6.495769703908763
            ],
            [
              3.3219142000803004,
              6.49416002356628
            ],
            [
              3.3224112913480894,
              6.493144894021668
            ],
            [
              3.3224976883176964,
              6.492964859640608
            ],
            [
              3.3228892477406475,
              6.492148922734657
            ],
            [
              3.323768802688164,
              6.490501683106231
            ],
            [
              3.324791824683018,
              6.488691596939702
            ],
            [
              3.3256483821671736,
              6.48702139132422
            ],
            [
              3.326550758310873,
              6.485167340000771
            ],
            [
              3.327085736217782,
              6.4835586111410635
            ],
            [
              3.327094027967064,
              6.483515076759431
            ],
            [
              3.3272841536408464,
              6.482516862563216
            ],
            [
              3.327379288423458,
              6.481628303603372
            ],
            [
              3.3273796841251624,
              6.481626668635897
            ],
            [
              3.327379682326523,
              6.4816228402219735
            ],
            [
              3.327436381883558,
              6.481092197047303
            ],
            [
              3.3274350796652357,
              6.479074058121341
            ],
            [
              3.327435077866596,
              6.479070228808041
            ],
            [
              3.3273118410686493,
              6.4779520981109044
            ],
            [
              3.3268357723530357,
              6.475899800235652
            ],
            [
              3.3261609255862936,
              6.474322484694937
            ],
            [
              3.325333027697127,
              6.472883128753438
            ],
            [
              3.3244593111483596,
              6.471627614922511
            ],
            [
              3.3234938088922377,
              6.4705253383737045
            ],
            [
              3.322584961227051,
              6.469402598651072
            ],
            [
              3.318516269110603,
              6.464985930956004
            ],
            [
              3.318215169794314,
              6.464599819626017
            ],
            [
              3.3177783735731055,
              6.46404864582837
            ],
            [
              3.3171117466098394,
              6.463302311052871
            ],
            [
              3.316594405307626,
              6.462509928290615
            ],
            [
              3.3160769147178826,
              6.461476287100993
            ],
            [
              3.3158238418968153,
              6.460844578114859
            ],
            [
              3.315559164224112,
              6.460017570554498
            ],
            [
              3.3154706691361184,
              6.459796671878962
            ],
            [
              3.3154691312954014,
              6.459792832673145
            ],
            [
              3.315561577105143,
              6.459793440614817
            ]
          ]
        ]
      }
    },
    {
      "type": "Feature",
      "properties": {
        "lganame": "Ibeju Lekki",
        "lga_match": "ibeju lekki",
        "ch4_2020": null,
        "no2_2020": 2.737762473924717e-05,
        "co_2020": 0.05505064754951774,
        "isi_2020": null,
        "hotspots_2020": null,
        "ch4_2021": 1903.7562777564794,
        "no2_2021": 3.006821523066961e-05,
        "co_2021": 0.052455889575748184,
        "isi_2021": 761.5155029989561,
        "hotspots_2021": 0.0,
        "ch4_2022": 1900.9187163865838,
        "no2_2022": 2.9968084023062645e-05,
        "co_2022": 0.05207906113626604,
        "isi_2022": 760.3804801563596,
        "hotspots_2022": 0.0,
        "ch4_2023": 1944.115701672584,
        "no2_2023": 2.9927474943211712e-05,
        "co_2023": 0.049823454868417626,
        "isi_2023": 777.6587470073664,
        "hotspots_2023": 0.03243941350755906,
        "ch4_2024": 1941.8825456635918,
        "no2_2024": 3.128799455798118e-05,
        "co_2024": 0.05422055975492576,
        "isi_2024": 776.7665843561738,
        "hotspots_2024": 0.0,
        "ch4_2025": 1928.8709379310112,
        "no2_2025": 3.0052550497310144e-05,
        "co_2025": 0.05194262900075271,
        "isi_2025": 771.5613713480461,
        "hotspots_2025": 0.0
      },
      "geometry": {
        "type": "Polygon",
        "coordinates": [
          [
            [
              4.2789752450116225,
              6.378159915447782
            ],
            [
              4.273194851661117,
              6.378789823091893
            ],
            [
              4.266689083134736,
              6.378853711829379
            ],
            [
              4.259274965167549,
              6.379159028966058
            ],
            [
              4.252149123083598,
              6.379989981852248
            ],
            [
              4.197869846716117,
              6.38753720038153
            ],
            [
              4.192200731878302,
              6.388067498216515
            ],
            [
              4.1863588536782,
              6.389045843690781
            ],
            [
              4.153041216578913,
              6.395979202078536
            ],
            [
              4.151136075669399,
              6.39636252281224
            ],
            [
              4.147463360445784,
              6.397036946897629
            ],
            [
              4.137029945875327,
              6.398714184312212
            ],
            [
              4.131314338785728,
              6.399829501930014
            ],
            [
              4.126046496948334,
              6.400943779032218
            ],
            [
              4.121819736391785,
              6.401341415174215
            ],
            [
              4.119810366755075,
              6.40134580026853
            ],
            [
              4.114790884391823,
              6.403175420609216
            ],
            [
              4.10230882229439,
              6.405451825041723
            ],
            [
              4.091356971047446,
              6.407437525421528
            ],
            [
              4.084564346667321,
              6.407978398384444
            ],
            [
              4.07701061524773,
              6.410626673382296
            ],
            [
              4.0681607161441775,
              6.411219514568984
            ],
            [
              4.059839527572194,
              6.413007651881685
            ],
            [
              4.057448402921523,
              6.413539064875977
            ],
            [
              4.053574489571076,
              6.414264962558036
            ],
            [
              4.04836052341949,
              6.414802130314115
            ],
            [
              4.0361152033539724,
              6.4162628820264445
            ],
            [
              4.024539790079302,
              6.417817736998984
            ],
            [
              4.0112902402524355,
              6.419662821182328
            ],
            [
              4.004498418067612,
              6.420824879264842
            ],
            [
              3.9956022596365983,
              6.422469572013199
            ],
            [
              3.9900890152958937,
              6.423399030341045
            ],
            [
              3.97551005794287,
              6.4258392957469255
            ],
            [
              3.969616797876995,
              6.426616300102239
            ],
            [
              3.955112834989393,
              6.428366645204562
            ],
            [
              3.9495254901093517,
              6.429027983254855
            ],
            [
              3.9448865019105597,
              6.429292678014747
            ],
            [
              3.9410831619584314,
              6.429586869638399
            ],
            [
              3.9245301900162985,
              6.430885437612915
            ],
            [
              3.914651443109676,
              6.431932268259629
            ],
            [
              3.9090062619295054,
              6.432444903409589
            ],
            [
              3.896424393970676,
              6.433735506988114
            ],
            [
              3.884441326106355,
              6.434043198334962
            ],
            [
              3.8728859434315837,
              6.434110927177585
            ],
            [
              3.8719050825535533,
              6.43413653357419
            ],
            [
              3.8602325317060036,
              6.435687965727084
            ],
            [
              3.853445159366686,
              6.4353677908908935
            ],
            [
              3.8534386410804586,
              6.4352518278096795
            ],
            [
              3.8456873483924596,
              6.4354322399059924
            ],
            [
              3.8348014300420346,
              6.435330478918502
            ],
            [
              3.830686380572047,
              6.435337185163007
            ],
            [
              3.8206861433508834,
              6.4355448017512344
            ],
            [
              3.812958429088269,
              6.435557154838875
            ],
            [
              3.805445607828574,
              6.435305796125647
            ],
            [
              3.796616091859221,
              6.434529865560876
            ],
            [
              3.789987968769765,
              6.433941842941749
            ],
            [
              3.7806317540522514,
              6.432927118991415
            ],
            [
              3.7673089013847516,
              6.431199542025297
            ],
            [
              3.760512695004934,
              6.430180591261319
            ],
            [
              3.7509169080888682,
              6.428902406420946
            ],
            [
              3.737468621579694,
              6.427198811675851
            ],
            [
              3.7330646792915445,
              6.426864496799112
            ],
            [
              3.7219154025738135,
              6.4253333299692486
            ],
            [
              3.7147783774202026,
              6.4241486170651
            ],
            [
              3.6975977812126644,
              6.423728121955321
            ],
            [
              3.687828191318033,
              6.423327778853945
            ],
            [
              3.6796660910173387,
              6.422725993909523
            ],
            [
              3.6723002396643665,
              6.42213834900565
            ],
            [
              3.6622095917992965,
              6.422120864386443
            ],
            [
              3.6402671770886172,
              6.421949646059375
            ],
            [
              3.628235537739897,
              6.421851465272937
            ],
            [
              3.6289801458171382,
              6.425009716125544
            ],
            [
              3.630498591736682,
              6.430177440036857
            ],
            [
              3.642478942749051,
              6.444158684575655
            ],
            [
              3.645602883566255,
              6.447294779730328
            ],
            [
              3.6492824911940716,
              6.45085136819614
            ],
            [
              3.652456427122445,
              6.454886981449079
            ],
            [
              3.6656552012266275,
              6.467893252071974
            ],
            [
              3.673445859039191,
              6.473999601100786
            ],
            [
              3.6738035751749294,
              6.478150074866107
            ],
            [
              3.673441592655422,
              6.482332138217657
            ],
            [
              3.670029712301414,
              6.488725090390631
            ],
            [
              3.667007243789328,
              6.49151175036701
            ],
            [
              3.672470391395507,
              6.490234338943651
            ],
            [
              3.6821390809538457,
              6.487454068650379
            ],
            [
              3.7211571104123777,
              6.494976934438
            ],
            [
              3.7882796336982096,
              6.500125449729751
            ],
            [
              3.8044779283138155,
              6.504467349588538
            ],
            [
              3.822334186973194,
              6.508076325362197
            ],
            [
              3.8467966630356045,
              6.5127744799583525
            ],
            [
              3.849619552200636,
              6.512386826291049
            ],
            [
              3.8663544363082565,
              6.511528051078756
            ],
            [
              3.8633845142839505,
              6.521067633964208
            ],
            [
              3.8609525271374423,
              6.526183662146366
            ],
            [
              3.855022649375826,
              6.534800822100294
            ],
            [
              3.853351089381306,
              6.536861811923131
            ],
            [
              3.877311896626793,
              6.537329876672516
            ],
            [
              3.8844738797657783,
              6.5370704168663
            ],
            [
              3.886425791716988,
              6.536664926944866
            ],
            [
              3.8949473924082554,
              6.532859053602465
            ],
            [
              3.893304990233162,
              6.52048521142342
            ],
            [
              3.8946740488682963,
              6.515284802551662
            ],
            [
              3.8952591226104687,
              6.503422321183223
            ],
            [
              3.903088873952413,
              6.507300178960122
            ],
            [
              3.9104997102934362,
              6.508866372585089
            ],
            [
              3.916324737896389,
              6.506788150852515
            ],
            [
              3.9209052198000904,
              6.506335862010474
            ],
            [
              3.9290090773071142,
              6.510025639171943
            ],
            [
              3.9406023124467993,
              6.510456336190998
            ],
            [
              3.948125195321552,
              6.506542462364791
            ],
            [
              3.9486478318320337,
              6.500383247588843
            ],
            [
              3.9516622649016426,
              6.501142218738437
            ],
            [
              3.952718190392204,
              6.500772645940913
            ],
            [
              3.95697007081219,
              6.501667423712661
            ],
            [
              3.959244514722627,
              6.502276604681583
            ],
            [
              3.960438603059117,
              6.502090545742135
            ],
            [
              3.9620952702805425,
              6.502570810694408
            ],
            [
              3.9644073130471043,
              6.502428563127751
            ],
            [
              3.9663372239837713,
              6.502654621213821
            ],
            [
              3.9679438871007733,
              6.502008274862021
            ],
            [
              3.9695342131334996,
              6.5018681353062675
            ],
            [
              3.970745152966458,
              6.501451529764324
            ],
            [
              3.9712606506585644,
              6.500761319879075
            ],
            [
              3.972120748773591,
              6.500099165244308
            ],
            [
              3.973317389386068,
              6.4982998979219815
            ],
            [
              3.974670494947418,
              6.49716507400899
            ],
            [
              3.9754433956961748,
              6.495957449976402
            ],
            [
              3.97742269020506,
              6.49500595556043
            ],
            [
              3.9791427920063143,
              6.493652912052312
            ],
            [
              3.9827380621119346,
              6.4924983444230975
            ],
            [
              3.9886117799097747,
              6.4906191903234
            ],
            [
              3.993032562902499,
              6.49020850321989
            ],
            [
              3.999066208039096,
              6.492350441020108
            ],
            [
              4.001984678949839,
              6.487233000003016
            ],
            [
              4.004134123391111,
              6.480423391926024
            ],
            [
              4.006668160207482,
              6.477776575628525
            ],
            [
              4.012113354647624,
              6.472835961110775
            ],
            [
              4.016780360325413,
              6.471701386309974
            ],
            [
              4.01986397464276,
              6.472246119163117
            ],
            [
              4.0219480761428485,
              6.471633586420921
            ],
            [
              4.024985446421283,
              6.468698323368983
            ],
            [
              4.025843502175917,
              6.467088435283131
            ],
            [
              4.027315568258928,
              6.465769763863534
            ],
            [
              4.030089583767335,
              6.465141949841154
            ],
            [
              4.0345898677282435,
              6.466329358912844
            ],
            [
              4.039048717224546,
              6.466429850956899
            ],
            [
              4.0410472985939805,
              6.4652153650970945
            ],
            [
              4.042944877104446,
              6.46234406812431
            ],
            [
              4.043288665439604,
              6.461525430554218
            ],
            [
              4.04476883981016,
              6.45999082381752
            ],
            [
              4.05374846971614,
              6.452266623206128
            ],
            [
              4.056370888305878,
              6.447810083168861
            ],
            [
              4.062165007109456,
              6.443088188269314
            ],
            [
              4.06735598209292,
              6.438310681992448
            ],
            [
              4.068354955316977,
              6.435532641118527
            ],
            [
              4.070568110429974,
              6.434503473156838
            ],
            [
              4.07320164913682,
              6.435455172618163
            ],
            [
              4.076685717172154,
              6.438147516194988
            ],
            [
              4.078070531929541,
              6.436852344959789
            ],
            [
              4.081275916250604,
              6.436701988206266
            ],
            [
              4.0826170248558356,
              6.437369202426794
            ],
            [
              4.0916513389381635,
              6.433329660035838
            ],
            [
              4.0960962561373435,
              6.431118549081816
            ],
            [
              4.099293355903683,
              6.427139238784889
            ],
            [
              4.102652296766109,
              6.425006688108226
            ],
            [
              4.106271254115143,
              6.423678229366828
            ],
            [
              4.109060151604751,
              6.423461302097451
            ],
            [
              4.109953717090434,
              6.422952347872581
            ],
            [
              4.110770898658075,
              6.423157665793667
            ],
            [
              4.113654144023599,
              6.423882073299069
            ],
            [
              4.118154954987233,
              6.425451657368114
            ],
            [
              4.126345077263579,
              6.4294061059071055
            ],
            [
              4.1276642612966725,
              6.42989766274701
            ],
            [
              4.129649629826588,
              6.430882486937264
            ],
            [
              4.130833551327385,
              6.4312173521990985
            ],
            [
              4.131952101108652,
              6.430755418128115
            ],
            [
              4.136138863417841,
              6.431854574928764
            ],
            [
              4.136701031427492,
              6.431635082792866
            ],
            [
              4.141826268667387,
              6.43339257121022
            ],
            [
              4.143866111831642,
              6.433818205945499
            ],
            [
              4.147211163564407,
              6.431992028209606
            ],
            [
              4.148322594312333,
              6.431221559227652
            ],
            [
              4.152685061666318,
              6.42819735502394
            ],
            [
              4.1565791908769825,
              6.423785457333054
            ],
            [
              4.159612461146196,
              6.421236280430037
            ],
            [
              4.167825561100813,
              6.420941943116247
            ],
            [
              4.168689884230844,
              6.420641326735904
            ],
            [
              4.172327918898361,
              6.421490656368746
            ],
            [
              4.174953654187846,
              6.4215305826703
            ],
            [
              4.1786512644443405,
              6.421652262741759
            ],
            [
              4.179532968771525,
              6.422255177234717
            ],
            [
              4.181377072693806,
              6.421936967417139
            ],
            [
              4.183210534938269,
              6.4220876056585325
            ],
            [
              4.184604073119544,
              6.422717745327759
            ],
            [
              4.191306205916703,
              6.42447298723863
            ],
            [
              4.2017807383904255,
              6.425107336634312
            ],
            [
              4.210020069770451,
              6.419344846087824
            ],
            [
              4.21210861212279,
              6.4158460021913015
            ],
            [
              4.215432897610185,
              6.410276873079283
            ],
            [
              4.224405832063553,
              6.401353804234702
            ],
            [
              4.230521713006681,
              6.398132659294845
            ],
            [
              4.242919764935266,
              6.3966077409545505
            ],
            [
              4.255723533414368,
              6.394099460721577
            ],
            [
              4.256007881058906,
              6.392998027736837
            ],
            [
              4.2613124907788915,
              6.390735713882123
            ],
            [
              4.27420948657857,
              6.382855238078832
            ],
            [
              4.2789752450116225,
              6.378159915447782
            ]
          ]
        ]
      }
    },
    {
      "type": "Feature",
      "properties": {
        "lganame": "Eti Osa",
        "lga_match": "eti osa",
        "ch4_2020": null,
        "no2_2020": null,
        "co_2020": null,
        "isi_2020": null,
        "hotspots_2020": null,
        "ch4_2021": null,
        "no2_2021": null,
        "co_2021": null,
        "isi_2021": null,
        "hotspots_2021": null,
        "ch4_2022": null,
        "no2_2022": null,
        "co_2022": null,
        "isi_2022": null,
        "hotspots_2022": null,
        "ch4_2023": null,
        "no2_2023": null,
        "co_2023": null,
        "isi_2023": null,
        "hotspots_2023": null,
        "ch4_2024": null,
        "no2_2024": null,
        "co_2024": null,
        "isi_2024": null,
        "hotspots_2024": null,
        "ch4_2025": null,
        "no2_2025": null,
        "co_2025": null,
        "isi_2025": null,
        "hotspots_2025": null
      },
      "geometry": {
        "type": "Polygon",
        "coordinates": [
          [
            [
              3.6161905938208747,
              6.513378871138059
            ],
            [
              3.62402721508397,
              6.508602286666246
            ],
            [
              3.626957527368063,
              6.505316216070582
            ],
            [
              3.6289939998732166,
              6.498905954646148
            ],
            [
              3.628977640305891,
              6.498063526410647
            ],
            [
              3.628455029875795,
              6.496517129561937
            ],
            [
              3.627152076806965,
              6.4955231232935375
            ],
            [
              3.6253594311928623,
              6.494820744681647
            ],
            [
              3.6218815765735712,
              6.493599644308176
            ],
            [
              3.6198586478583366,
              6.4924226907546085
            ],
            [
              3.619122384590412,
              6.49145860133342
            ],
            [
              3.618860583848914,
              6.490264172153843
            ],
            [
              3.618966363007303,
              6.489099926920119
            ],
            [
              3.6189685681449646,
              6.4886040389453115
            ],
            [
              3.620209663145488,
              6.488227313839502
            ],
            [
              3.621524665331094,
              6.4874197343333435
            ],
            [
              3.6249858186406527,
              6.486720353161843
            ],
            [
              3.630620325767495,
              6.485855609149098
            ],
            [
              3.6321041900563955,
              6.484960174872242
            ],
            [
              3.639943676559483,
              6.480210634812977
            ],
            [
              3.642959591711815,
              6.482231418645085
            ],
            [
              3.6443605573938385,
              6.485044183242508
            ],
            [
              3.6449374841776034,
              6.487130423330427
            ],
            [
              3.646528508983579,
              6.488851585432371
            ],
            [
              3.6484634291439875,
              6.490036197612483
            ],
            [
              3.6515289787793677,
              6.49215752924664
            ],
            [
              3.654317411319539,
              6.493403397848567
            ],
            [
              3.6569008092250215,
              6.492729927044536
            ],
            [
              3.65905485999383,
              6.493110057882916
            ],
            [
              3.6614397343562928,
              6.4924632276958505
            ],
            [
              3.664185690117563,
              6.492686878296865
            ],
            [
              3.665477003261117,
              6.492141579770134
            ],
            [
              3.667007243789328,
              6.49151175036701
            ],
            [
              3.670029712301414,
              6.488725090390631
            ],
            [
              3.673441592655422,
              6.482332138217657
            ],
            [
              3.6738035751749294,
              6.478150074866107
            ],
            [
              3.673445859039191,
              6.473999601100786
            ],
            [
              3.6656552012266275,
              6.467893252071974
            ],
            [
              3.652456427122445,
              6.454886981449079
            ],
            [
              3.6492824911940716,
              6.45085136819614
            ],
            [
              3.645602883566255,
              6.447294779730328
            ],
            [
              3.642478942749051,
              6.444158684575655
            ],
            [
              3.630498591736682,
              6.430177440036857
            ],
            [
              3.6289801458171382,
              6.425009716125544
            ],
            [
              3.628235537739897,
              6.421851465272937
            ],
            [
              3.627821542929894,
              6.421898283978692
            ],
            [
              3.616250207181338,
              6.4217301871984205
            ],
            [
              3.6030242159948216,
              6.421650198797693
            ],
            [
              3.596229434141094,
              6.421658155099806
            ],
            [
              3.5887644694047935,
              6.421437030694449
            ],
            [
              3.5760934498528627,
              6.421317414567056
            ],
            [
              3.5709062547199437,
              6.4211700480593095
            ],
            [
              3.5630392642506763,
              6.420891555001333
            ],
            [
              3.5600148819812603,
              6.420703402440097
            ],
            [
              3.5503202316933766,
              6.420551458383159
            ],
            [
              3.5434446862233244,
              6.420252448192002
            ],
            [
              3.524089287390723,
              6.419659914573458
            ],
            [
              3.5199212291814206,
              6.4194820736388465
            ],
            [
              3.5171075014101234,
              6.419398761343814
            ],
            [
              3.508743178654811,
              6.419455004045233
            ],
            [
              3.5022112623399266,
              6.419545439870205
            ],
            [
              3.497473974644265,
              6.419530915819166
            ],
            [
              3.496650916007013,
              6.419512567850802
            ],
            [
              3.4917976526396046,
              6.4183205560488545
            ],
            [
              3.484802419995731,
              6.418968651582077
            ],
            [
              3.4818263600984665,
              6.419277814219811
            ],
            [
              3.4773364543139564,
              6.41772152572787
            ],
            [
              3.471297342198625,
              6.417411187676237
            ],
            [
              3.467794528694583,
              6.417299515260481
            ],
            [
              3.460916052333971,
              6.420120381850211
            ],
            [
              3.4579681151364525,
              6.419807097619525
            ],
            [
              3.4572435970144397,
              6.419728772065241
            ],
            [
              3.453406250997716,
              6.419288331791108
            ],
            [
              3.4486397641138637,
              6.418746832900069
            ],
            [
              3.446652939581554,
              6.418714103872844
            ],
            [
              3.4429492193310693,
              6.41870008703944
            ],
            [
              3.4399517456765807,
              6.418639484424716
            ],
            [
              3.4395042151474513,
              6.4190591917283655
            ],
            [
              3.437392741881581,
              6.420996784673946
            ],
            [
              3.434694686710486,
              6.421923893972576
            ],
            [
              3.4339656189182506,
              6.4221542786970645
            ],
            [
              3.4335867237483626,
              6.422263739679863
            ],
            [
              3.430424059023153,
              6.423817334702278
            ],
            [
              3.430112604013516,
              6.4221805056258745
            ],
            [
              3.4286168066203686,
              6.421712876148376
            ],
            [
              3.4266542979575547,
              6.421015639859945
            ],
            [
              3.4239607726715917,
              6.420244377675942
            ],
            [
              3.4216404399543876,
              6.41966421693013
            ],
            [
              3.418676909411886,
              6.418992662581388
            ],
            [
              3.4159737047227168,
              6.418328540229993
            ],
            [
              3.413224463738061,
              6.417534237415168
            ],
            [
              3.4122857037223184,
              6.417237808278287
            ],
            [
              3.4101835330436643,
              6.416576998129983
            ],
            [
              3.408751440027004,
              6.416107119448043
            ],
            [
              3.407582917617617,
              6.414917087053993
            ],
            [
              3.4051998967578925,
              6.4124681189086346
            ],
            [
              3.4046175983235685,
              6.411924796192466
            ],
            [
              3.4037999536050165,
              6.40904951162571
            ],
            [
              3.402744378850059,
              6.4054085199872475
            ],
            [
              3.401935285784873,
              6.402505922110663
            ],
            [
              3.4017155778117285,
              6.401717720296631
            ],
            [
              3.4017263381999783,
              6.400790982417959
            ],
            [
              3.401716955573079,
              6.398581385922284
            ],
            [
              3.377091507067462,
              6.398044023013313
            ],
            [
              3.3800978318495254,
              6.407384181235045
            ],
            [
              3.3843844809590564,
              6.409898164968411
            ],
            [
              3.3975153256718045,
              6.409448030002636
            ],
            [
              3.4002715471942224,
              6.4104270562637
            ],
            [
              3.400168933649411,
              6.411384502392934
            ],
            [
              3.4005890897147424,
              6.4150910959773455
            ],
            [
              3.4006778357136227,
              6.415987122008119
            ],
            [
              3.4010286279688557,
              6.419096372399736
            ],
            [
              3.4012677559022677,
              6.421374716669902
            ],
            [
              3.401567930715487,
              6.423388778969013
            ],
            [
              3.401802321020341,
              6.424499140423052
            ],
            [
              3.4022935352185186,
              6.426034367691955
            ],
            [
              3.402781499266837,
              6.428301026171482
            ],
            [
              3.4030080870536494,
              6.429219918364595
            ],
            [
              3.403018422062587,
              6.432620472656708
            ],
            [
              3.402962235119105,
              6.434190596319013
            ],
            [
              3.4028420587141,
              6.436439049822354
            ],
            [
              3.403046307341242,
              6.4371431272535915
            ],
            [
              3.4030097525980523,
              6.439335522416457
            ],
            [
              3.402883645164138,
              6.440808715349988
            ],
            [
              3.4030584373970214,
              6.441407646745574
            ],
            [
              3.4031600670834905,
              6.441530003107232
            ],
            [
              3.4040752711568985,
              6.441874481222385
            ],
            [
              3.405409680712239,
              6.4429537836902
            ],
            [
              3.406312487631226,
              6.444362229033686
            ],
            [
              3.4068358561898435,
              6.4453670442537145
            ],
            [
              3.407181067252509,
              6.446193932204267
            ],
            [
              3.4073600017626973,
              6.447342626361149
            ],
            [
              3.4077021056676813,
              6.449363572970583
            ],
            [
              3.408119561968249,
              6.451667389638374
            ],
            [
              3.408511742822725,
              6.453773277215021
            ],
            [
              3.4084894971925905,
              6.454677046408619
            ],
            [
              3.408199224814439,
              6.455535076982244
            ],
            [
              3.4079088112426916,
              6.4562169519508075
            ],
            [
              3.4071362108674634,
              6.457144298670471
            ],
            [
              3.4063480738046223,
              6.457795935733884
            ],
            [
              3.4056821707956146,
              6.458102823086847
            ],
            [
              3.4048401040875547,
              6.458340918598537
            ],
            [
              3.4041127737855277,
              6.458433403978461
            ],
            [
              3.404090021837078,
              6.458709143312376
            ],
            [
              3.4039983035788737,
              6.458916007168057
            ],
            [
              3.403975593898565,
              6.459245357787097
            ],
            [
              3.4038764427436945,
              6.459735607012703
            ],
            [
              3.4038234816683826,
              6.460539834745646
            ],
            [
              3.403747277614798,
              6.460999429679987
            ],
            [
              3.403747557303973,
              6.461351739990846
            ],
            [
              3.4040769807680817,
              6.461573586551822
            ],
            [
              3.405064742144191,
              6.4615957791219785
            ],
            [
              3.4051490778676907,
              6.461733572346532
            ],
            [
              3.4053174822161054,
              6.461672166637243
            ],
            [
              3.4053709999716943,
              6.461572558626756
            ],
            [
              3.4055777675999366,
              6.461610688082828
            ],
            [
              3.405677387301637,
              6.4617101746848675
            ],
            [
              3.4058074688396687,
              6.461602845994605
            ],
            [
              3.4059529440731353,
              6.461595071355532
            ],
            [
              3.4060755891171652,
              6.461763470307972
            ],
            [
              3.4061982098795056,
              6.461901232056277
            ],
            [
              3.4061983142008785,
              6.462031434103437
            ],
            [
              3.406405052151456,
              6.462031268628209
            ],
            [
              3.406496806382563,
              6.4618703583304296
            ],
            [
              3.4067187293858865,
              6.461709343711277
            ],
            [
              3.4067569092040344,
              6.461579111087133
            ],
            [
              3.407476677107013,
              6.461601512299978
            ],
            [
              3.407614575552259,
              6.4616933087992265
            ],
            [
              3.408625289425629,
              6.4616924994093665
            ],
            [
              3.408931522971443,
              6.461638639911371
            ],
            [
              3.4090922390156493,
              6.461538944666586
            ],
            [
              3.4093143931447685,
              6.461668968648041
            ],
            [
              3.409482938686722,
              6.461783715845854
            ],
            [
              3.4097356841545547,
              6.461867760189023
            ],
            [
              3.4098201385886,
              6.46215107271388
            ],
            [
              3.410004010376838,
              6.462281124574304
            ],
            [
              3.4101416003546206,
              6.461989976256461
            ],
            [
              3.4101720424058612,
              6.461760185084529
            ],
            [
              3.410386521720625,
              6.461867235884256
            ],
            [
              3.4104019909591443,
              6.462058696151928
            ],
            [
              3.410562933632548,
              6.462242380881207
            ],
            [
              3.410846191298731,
              6.4621808798438
            ],
            [
              3.4108612954124737,
              6.461920465856849
            ],
            [
              3.410899418573365,
              6.461721302895853
            ],
            [
              3.411075434783527,
              6.461606277807505
            ],
            [
              3.4113664347132158,
              6.461651995743068
            ],
            [
              3.411305333874111,
              6.461843518063972
            ],
            [
              3.411864474765764,
              6.462072832595197
            ],
            [
              3.4126151271864273,
              6.462409216811977
            ],
            [
              3.413021105439725,
              6.462608019144795
            ],
            [
              3.413404188752338,
              6.462898746579924
            ],
            [
              3.4132818386859753,
              6.4630979769900705
            ],
            [
              3.4135040575662288,
              6.463304587236962
            ],
            [
              3.4137491857763393,
              6.46343458963463
            ],
            [
              3.4139022000265413,
              6.463281286702056
            ],
            [
              3.414109080070034,
              6.46345727413393
            ],
            [
              3.414185774254122,
              6.463610389108226
            ],
            [
              3.414415440420271,
              6.463556588965446
            ],
            [
              3.4145149423108023,
              6.463510555367861
            ],
            [
              3.4148978952217135,
              6.4636404435516965
            ],
            [
              3.4154186053843887,
              6.463685972629605
            ],
            [
              3.4155103200452572,
              6.463479107874605
            ],
            [
              3.4157936577511805,
              6.463517170780847
            ],
            [
              3.4162530737204406,
              6.463516794864233
            ],
            [
              3.4166436969491087,
              6.463661994005861
            ],
            [
              3.4169196098521866,
              6.463983443181405
            ],
            [
              3.417402293081409,
              6.464343014618464
            ],
            [
              3.417601411076305,
              6.464388805399096
            ],
            [
              3.41775468882787,
              6.464557174673928
            ],
            [
              3.41841348269611,
              6.464916602219489
            ],
            [
              3.4188349868452406,
              6.4653681293357295
            ],
            [
              3.419447835249457,
              6.46571993422765
            ],
            [
              3.4199455245663444,
              6.465704205984366
            ],
            [
              3.4202061220149744,
              6.466018006425884
            ],
            [
              3.420444526893448,
              6.46634795329544
            ],
            [
              3.4204678930788646,
              6.466425931711456
            ],
            [
              3.4206158702262996,
              6.466814653773326
            ],
            [
              3.420639059245218,
              6.4670788673958555
            ],
            [
              3.421397642787042,
              6.46773307472165
            ],
            [
              3.4221100110681846,
              6.468054157873155
            ],
            [
              3.422661181268552,
              6.467892862665508
            ],
            [
              3.4230056216122193,
              6.4677432280675475
            ],
            [
              3.423407776847455,
              6.467938194791884
            ],
            [
              3.4258882401501864,
              6.467453613993143
            ],
            [
              3.42586549989295,
              6.467729353327059
            ],
            [
              3.426290452942112,
              6.4677175083563725
            ],
            [
              3.426577678417175,
              6.467820662393706
            ],
            [
              3.4273125270515266,
              6.467555813849799
            ],
            [
              3.4272778402001904,
              6.467280123079263
            ],
            [
              3.4281615239352163,
              6.466452218894858
            ],
            [
              3.429113916773872,
              6.465383002323733
            ],
            [
              3.4303995758797896,
              6.464543267557815
            ],
            [
              3.431410400369714,
              6.464668783237812
            ],
            [
              3.432226068378384,
              6.464909345589888
            ],
            [
              3.4349474933321744,
              6.46418326174819
            ],
            [
              3.43554433110603,
              6.463711730112323
            ],
            [
              3.43609562901014,
              6.463711257968214
            ],
            [
              3.436187974995107,
              6.464251129985712
            ],
            [
              3.436786093403555,
              6.46527307819008
            ],
            [
              3.43839236891273,
              6.46331868231141
            ],
            [
              3.4392774367044012,
              6.464122099755173
            ],
            [
              3.440001919752831,
              6.465166912323184
            ],
            [
              3.4405192412700103,
              6.465717902659151
            ],
            [
              3.44164462230151,
              6.465498648843607
            ],
            [
              3.4420349874247904,
              6.465337473245825
            ],
            [
              3.442368163759795,
              6.465452066659623
            ],
            [
              3.4442858160376204,
              6.4649793748982916
            ],
            [
              3.4446184608733006,
              6.464485086817376
            ],
            [
              3.4446755768164508,
              6.464128898629838
            ],
            [
              3.4462259423734167,
              6.463943729119876
            ],
            [
              3.4461803431483418,
              6.464334372133635
            ],
            [
              3.44581304203831,
              6.464598923901292
            ],
            [
              3.4454571362379056,
              6.464760073418688
            ],
            [
              3.4445158257448156,
              6.4653238233358366
            ],
            [
              3.443964926240426,
              6.465783837354252
            ],
            [
              3.4437011829632524,
              6.466266576341468
            ],
            [
              3.444275845254083,
              6.466714117662434
            ],
            [
              3.444218809350616,
              6.467162212066455
            ],
            [
              3.4442650021281906,
              6.4674493799849415
            ],
            [
              3.4445181244119567,
              6.467954644291467
            ],
            [
              3.444771265581494,
              6.468482885376886
            ],
            [
              3.4452999086639124,
              6.468838560051552
            ],
            [
              3.445713345894262,
              6.468792244066833
            ],
            [
              3.445897214984541,
              6.4689069660836935
            ],
            [
              3.4461498354465903,
              6.468837815412883
            ],
            [
              3.447435937018952,
              6.468526499798202
            ],
            [
              3.448561280278909,
              6.468261277136264
            ],
            [
              3.449548603685173,
              6.467777896932432
            ],
            [
              3.450846328095622,
              6.467627399884634
            ],
            [
              3.4528560151929923,
              6.467326918402591
            ],
            [
              3.455393783296529,
              6.466750238033114
            ],
            [
              3.457299980909454,
              6.466323461158879
            ],
            [
              3.4583907731157524,
              6.465966342172976
            ],
            [
              3.459022366988677,
              6.465850889906676
            ],
            [
              3.45935518359488,
              6.465563382943799
            ],
            [
              3.46023942401024,
              6.465413234832965
            ],
            [
              3.4603539967396273,
              6.46510294714335
            ],
            [
              3.460790295635661,
              6.464941716686951
            ],
            [
              3.461042443054339,
              6.464355586241368
            ],
            [
              3.461547194747311,
              6.4636888072926695
            ],
            [
              3.4615010352446234,
              6.4634475956301
            ],
            [
              3.461833629718285,
              6.462918832937817
            ],
            [
              3.462682281262346,
              6.461527980132246
            ],
            [
              3.4627968728774476,
              6.461240669221581
            ],
            [
              3.46325644083214,
              6.461412573731366
            ],
            [
              3.4659081233612596,
              6.461007912085506
            ],
            [
              3.469376294080746,
              6.4605911482629494
            ],
            [
              3.4715362542947332,
              6.461378012785133
            ],
            [
              3.4738174961805726,
              6.46083977573511
            ],
            [
              3.4756470355822557,
              6.460363221385592
            ],
            [
              3.4778170448208243,
              6.4636927840947465
            ],
            [
              3.4786213993581327,
              6.464097946662946
            ],
            [
              3.479119478980806,
              6.464503396114878
            ],
            [
              3.4791275243158566,
              6.464916966444889
            ],
            [
              3.4795878899691957,
              6.4659274977558425
            ],
            [
              3.4807535930039535,
              6.467887059340342
            ],
            [
              3.4826775702137525,
              6.47008332068873
            ],
            [
              3.4868935083288193,
              6.466893229339121
            ],
            [
              3.4866175081915003,
              6.466525868873816
            ],
            [
              3.4863719159312154,
              6.46592871543794
            ],
            [
              3.485881136105604,
              6.46515564291866
            ],
            [
              3.483151262920501,
              6.4609229090650615
            ],
            [
              3.4795092361623574,
              6.463714169073683
            ],
            [
              3.4782301915701055,
              6.46334774839994
            ],
            [
              3.4778010341904064,
              6.4629498919240405
            ],
            [
              3.4772796989989843,
              6.46223810910152
            ],
            [
              3.4768423982581,
              6.461319457926663
            ],
            [
              3.4763441369723864,
              6.460714876990039
            ],
            [
              3.476274825323003,
              6.460286046064198
            ],
            [
              3.4820079098371934,
              6.458297011897628
            ],
            [
              3.483506678590402,
              6.456227706043819
            ],
            [
              3.484845307764772,
              6.454855501580198
            ],
            [
              3.4847528799414818,
              6.454281178333758
            ],
            [
              3.484675970819467,
              6.453921285838703
            ],
            [
              3.4852581730262955,
              6.454227085012008
            ],
            [
              3.4857486192034344,
              6.454663170768754
            ],
            [
              3.4861626086175193,
              6.4552142132653785
            ],
            [
              3.486171076633923,
              6.4560643343016295
            ],
            [
              3.486103408045892,
              6.457366400638932
            ],
            [
              3.4863333008411814,
              6.457565309991139
            ],
            [
              3.4864939107654322,
              6.457373686046822
            ],
            [
              3.4866390676389187,
              6.457036558990069
            ],
            [
              3.486967634948428,
              6.45633163259879
            ],
            [
              3.4876405940382256,
              6.455457881875816
            ],
            [
              3.48859684316983,
              6.454576200931001
            ],
            [
              3.489805885433327,
              6.453824474719795
            ],
            [
              3.4894225997732065,
              6.4533576546321
            ],
            [
              3.488924562418674,
              6.4529905091047794
            ],
            [
              3.488396029053547,
              6.452761251230811
            ],
            [
              3.487890717082962,
              6.45279237137089
            ],
            [
              3.487538215216489,
              6.452486353662323
            ],
            [
              3.4874536258842,
              6.452103494280891
            ],
            [
              3.4875374391015725,
              6.451674518564232
            ],
            [
              3.487835749620217,
              6.451360221696916
            ],
            [
              3.4882261084482025,
              6.451221988703878
            ],
            [
              3.4890982206064223,
              6.450439952641773
            ],
            [
              3.4902455127202643,
              6.449182802944051
            ],
            [
              3.4906431578555157,
              6.4486616197380044
            ],
            [
              3.4907803215546664,
              6.447979851788773
            ],
            [
              3.490634095387236,
              6.447198792390395
            ],
            [
              3.491154605001043,
              6.447052773067071
            ],
            [
              3.491904975034629,
              6.447075026791083
            ],
            [
              3.4928164891896927,
              6.447464747100469
            ],
            [
              3.493391357425253,
              6.44810753303625
            ],
            [
              3.491968753155504,
              6.449694284263842
            ],
            [
              3.49180226256442,
              6.451724033437415
            ],
            [
              3.491750933758624,
              6.45407534330252
            ],
            [
              3.491858852404164,
              6.45482580326825
            ],
            [
              3.4916373322971026,
              6.455369794180683
            ],
            [
              3.491783231111299,
              6.455806206391344
            ],
            [
              3.4917837698051812,
              6.456365299618938
            ],
            [
              3.491975462097969,
              6.45664849073529
            ],
            [
              3.492488531620495,
              6.4567169246464005
            ],
            [
              3.4934375987662065,
              6.456333065218814
            ],
            [
              3.4941646493791154,
              6.455980055235386
            ],
            [
              3.4948536730586284,
              6.455895139449183
            ],
            [
              3.495159718646164,
              6.45566507668201
            ],
            [
              3.4953049141905126,
              6.455373901384462
            ],
            [
              3.494967936421176,
              6.455289981147757
            ],
            [
              3.4944855328810718,
              6.455259814289036
            ],
            [
              3.4945236155724615,
              6.455052989104217
            ],
            [
              3.494730125095259,
              6.454823024363122
            ],
            [
              3.4951664833465657,
              6.454746011819054
            ],
            [
              3.4956490208856508,
              6.45491403665352
            ],
            [
              3.496078057756222,
              6.455181676693087
            ],
            [
              3.496667648792993,
              6.455204079704572
            ],
            [
              3.498114261364094,
              6.454681867674083
            ],
            [
              3.498198170808962,
              6.4543601154270505
            ],
            [
              3.4994391740786455,
              6.454986923108038
            ],
            [
              3.5017976470438157,
              6.4551913938677785
            ],
            [
              3.50273177375243,
              6.455198131588531
            ],
            [
              3.5031065761076547,
              6.454814820747401
            ],
            [
              3.503535283826352,
              6.454745467729197
            ],
            [
              3.504468888028782,
              6.4542237458292675
            ],
            [
              3.504629898151336,
              6.45444569311428
            ],
            [
              3.5052816449320403,
              6.455379421423231
            ],
            [
              3.505932731610301,
              6.455646833034962
            ],
            [
              3.5068141463557936,
              6.456542037984718
            ],
            [
              3.5074033488854752,
              6.456173827660052
            ],
            [
              3.509051807095261,
              6.457669863373553
            ],
            [
              3.509252521386827,
              6.459308645777412
            ],
            [
              3.5093941727029687,
              6.46313790598964
            ],
            [
              3.510038482989671,
              6.464270763085324
            ],
            [
              3.5102998763382516,
              6.465327416127423
            ],
            [
              3.5102851598323355,
              6.46592481687685
            ],
            [
              3.511404125999661,
              6.466980606569791
            ],
            [
              3.51279957883753,
              6.468863266226776
            ],
            [
              3.514483821071508,
              6.468585848757982
            ],
            [
              3.51806717516007,
              6.468505622036901
            ],
            [
              3.5192605260525056,
              6.467401538750039
            ],
            [
              3.5208827348503746,
              6.466373601960186
            ],
            [
              3.5220763420496155,
              6.465529911975921
            ],
            [
              3.5223666890714753,
              6.464932227940039
            ],
            [
              3.5218296256367694,
              6.463875867177592
            ],
            [
              3.5212162493305073,
              6.463064664302863
            ],
            [
              3.5199749061170564,
              6.462146880074499
            ],
            [
              3.518627463586597,
              6.462301430366779
            ],
            [
              3.517831249712458,
              6.462394145973121
            ],
            [
              3.5175705128689287,
              6.461996153699602
            ],
            [
              3.517600673432355,
              6.461536595637426
            ],
            [
              3.518626683874402,
              6.461535552423868
            ],
            [
              3.5209085031249856,
              6.461625126698266
            ],
            [
              3.5215065486883077,
              6.4624210276084
            ],
            [
              3.522579727672337,
              6.463614698659455
            ],
            [
              3.5230860073134522,
              6.464517914769999
            ],
            [
              3.5236686043226655,
              6.465175971194185
            ],
            [
              3.5248928145517766,
              6.464316926185234
            ],
            [
              3.525612319852712,
              6.464086419152977
            ],
            [
              3.526331585933974,
              6.463626148827757
            ],
            [
              3.5271428922307564,
              6.463318958403249
            ],
            [
              3.528152034089146,
              6.461816790212765
            ],
            [
              3.5311522650650318,
              6.460634216795711
            ],
            [
              3.534046169195392,
              6.460294202915179
            ],
            [
              3.533005490810808,
              6.460907994708236
            ],
            [
              3.532118010138106,
              6.461582896333653
            ],
            [
              3.531690013783134,
              6.462333903087199
            ],
            [
              3.5312787214359105,
              6.464417519852702
            ],
            [
              3.5314634116072057,
              6.465305746063393
            ],
            [
              3.533808686122029,
              6.46747838132228
            ],
            [
              3.5345750011354653,
              6.468074960091371
            ],
            [
              3.5382977969058516,
              6.469541516028187
            ],
            [
              3.5434274390251517,
              6.469091851407882
            ],
            [
              3.5505636296078933,
              6.46906885484384
            ],
            [
              3.550915349064155,
              6.4686089478447
            ],
            [
              3.551588040155991,
              6.46707840784228
            ],
            [
              3.5525994420107168,
              6.4677206460909815
            ],
            [
              3.553610978763686,
              6.468485419666422
            ],
            [
              3.5585464176830897,
              6.4725085197524095
            ],
            [
              3.562393559115492,
              6.475552453283115
            ],
            [
              3.565489831390664,
              6.478122347868123
            ],
            [
              3.5667318526928966,
              6.479545486335155
            ],
            [
              3.5710404308712214,
              6.484289064788584
            ],
            [
              3.574950198392969,
              6.488919636232254
            ],
            [
              3.576668916137635,
              6.492011802202967
            ],
            [
              3.5795063653265515,
              6.495761331220535
            ],
            [
              3.5797553066620935,
              6.4991768277484425
            ],
            [
              3.5788387104381627,
              6.501169140843217
            ],
            [
              3.5777822966157373,
              6.501430743733863
            ],
            [
              3.574262117202977,
              6.503364746585817
            ],
            [
              3.5743413519718388,
              6.505708223355896
            ],
            [
              3.5730276825815395,
              6.508711928412822
            ],
            [
              3.5727555036635863,
              6.511791038026047
            ],
            [
              3.578346764191849,
              6.512918154749116
            ],
            [
              3.586925040158519,
              6.514531900926556
            ],
            [
              3.591121801130271,
              6.514909939941845
            ],
            [
              3.5959312567221673,
              6.515363806194728
            ],
            [
              3.6011703939985296,
              6.516537030259769
            ],
            [
              3.6037124149959823,
              6.516304235352209
            ],
            [
              3.606744494562804,
              6.516055524243086
            ],
            [
              3.6161905938208747,
              6.513378871138059
            ]
          ]
        ]
      }
    },
    {
      "type": "Feature",
      "properties": {
        "lganame": "Kosofe",
        "lga_match": "kosofe",
        "ch4_2020": 1914.8784455453524,
        "no2_2020": 7.759688087549625e-05,
        "co_2020": 0.05731570051725459,
        "isi_2020": 765.9658288497427,
        "hotspots_2020": 0.0,
        "ch4_2021": 1930.064199390575,
        "no2_2021": 0.0001028547809347644,
        "co_2021": 0.05717310084383024,
        "isi_2021": 772.0400615923463,
        "hotspots_2021": 0.0,
        "ch4_2022": 1954.0157543014034,
        "no2_2022": 9.585396648330759e-05,
        "co_2022": 0.05498949668610646,
        "isi_2022": 781.620123039291,
        "hotspots_2022": 0.6419170598460392,
        "ch4_2023": 1961.7092864957488,
        "no2_2023": 8.923212607809159e-05,
        "co_2023": 0.05280875551585294,
        "isi_2023": 784.6969480184226,
        "hotspots_2023": 0.5419659239842728,
        "ch4_2024": 1959.6301309945197,
        "no2_2024": 8.016423836101693e-05,
        "co_2024": 0.056558806915794055,
        "isi_2024": 783.8662201570202,
        "hotspots_2024": 0.013368283093053738,
        "ch4_2025": 1949.9992535100416,
        "no2_2025": 8.48801445469737e-05,
        "co_2025": 0.05335227014827602,
        "isi_2025": 780.0130691796039,
        "hotspots_2025": 0.19491480996068156
      },
      "geometry": {
        "type": "Polygon",
        "coordinates": [
          [
            [
              3.4312078298775077,
              6.640632217602786
            ],
            [
              3.43220264643503,
              6.639559115061161
            ],
            [
              3.4349584506720134,
              6.637672630587474
            ],
            [
              3.4384475459175405,
              6.633518473199047
            ],
            [
              3.4403159216425365,
              6.632904112135122
            ],
            [
              3.4449064957382234,
              6.627186534630937
            ],
            [
              3.4451659258668315,
              6.626083430705819
            ],
            [
              3.4498064860804902,
              6.624945744250738
            ],
            [
              3.451520610088153,
              6.623213295657138
            ],
            [
              3.451719571601018,
              6.623013986106628
            ],
            [
              3.4524239512044232,
              6.622706991734333
            ],
            [
              3.4526833912255483,
              6.621634522315389
            ],
            [
              3.4518099372788242,
              6.621313646007991
            ],
            [
              3.449142808893555,
              6.619447311744068
            ],
            [
              3.447270942899763,
              6.61717672232794
            ],
            [
              3.445952367707662,
              6.615858138142585
            ],
            [
              3.4441443940485783,
              6.615415543992185
            ],
            [
              3.4435925061892476,
              6.61494118938441
            ],
            [
              3.442611090429523,
              6.613777920814471
            ],
            [
              3.440846840909046,
              6.610807861193905
            ],
            [
              3.4412754281185585,
              6.610439856813969
            ],
            [
              3.4416119948976984,
              6.609949392650378
            ],
            [
              3.4416570671199906,
              6.608953704649821
            ],
            [
              3.4416870783960007,
              6.608249066041594
            ],
            [
              3.4419010172182425,
              6.607666805378813
            ],
            [
              3.4417619820299024,
              6.607057575846511
            ],
            [
              3.441050254965319,
              6.606402418836581
            ],
            [
              3.4403453213795387,
              6.606066054404948
            ],
            [
              3.438720920034484,
              6.605301603686087
            ],
            [
              3.4358098145713143,
              6.6045535943729305
            ],
            [
              3.4333433294311817,
              6.604249392395616
            ],
            [
              3.4324236170563154,
              6.603530259414015
            ],
            [
              3.431595683194246,
              6.602657869365203
            ],
            [
              3.4305527304242105,
              6.601127002009605
            ],
            [
              3.4300154493535615,
              6.599794827269534
            ],
            [
              3.430013704668795,
              6.597772893204478
            ],
            [
              3.4298277122791205,
              6.595245632779779
            ],
            [
              3.42469448096557,
              6.593197457396798
            ],
            [
              3.418978817218715,
              6.59067486535281
            ],
            [
              3.4121953083668473,
              6.5934070686813016
            ],
            [
              3.4101429952031026,
              6.593745749766583
            ],
            [
              3.4060044518440122,
              6.594716864691577
            ],
            [
              3.405223501263606,
              6.59503917271968
            ],
            [
              3.404670875960221,
              6.593584434773902
            ],
            [
              3.404915203773669,
              6.592649854807007
            ],
            [
              3.405435375242405,
              6.591868227037082
            ],
            [
              3.4052817251715055,
              6.591286278439043
            ],
            [
              3.4055262859093887,
              6.59064273437474
            ],
            [
              3.406505912018247,
              6.589768826270358
            ],
            [
              3.406520943286978,
              6.5894165051676055
            ],
            [
              3.4060608006654434,
              6.588666309602559
            ],
            [
              3.405706403028148,
              6.586093217028406
            ],
            [
              3.4053991055843085,
              6.584929317134311
            ],
            [
              3.40564360336964,
              6.584209185005932
            ],
            [
              3.407634062062357,
              6.583196594247454
            ],
            [
              3.4076604823454204,
              6.583100511579403
            ],
            [
              3.4186086580631923,
              6.584726377920049
            ],
            [
              3.4188357260879343,
              6.581509465189697
            ],
            [
              3.418648812792526,
              6.577802732210387
            ],
            [
              3.4146037512621774,
              6.576259009945375
            ],
            [
              3.412366717350153,
              6.575403064899547
            ],
            [
              3.409547384104542,
              6.574241231647591
            ],
            [
              3.409324506920484,
              6.574329245598278
            ],
            [
              3.406932496437605,
              6.57428606375089
            ],
            [
              3.4064920552642093,
              6.574200260333782
            ],
            [
              3.4055725299483584,
              6.573597869246328
            ],
            [
              3.4045624905665477,
              6.572740564425544
            ],
            [
              3.4040623586909646,
              6.572235481782116
            ],
            [
              3.404257267858668,
              6.571758558710542
            ],
            [
              3.4043601583946383,
              6.5711381074377755
            ],
            [
              3.404342629708651,
              6.5707704951622645
            ],
            [
              3.4042617599723144,
              6.5702076319767
            ],
            [
              3.4040603010420796,
              6.5696850764052215
            ],
            [
              3.403933740349885,
              6.569443924097868
            ],
            [
              3.4038186073428847,
              6.569128087591196
            ],
            [
              3.4036748147409526,
              6.568886948773695
            ],
            [
              3.403490834134743,
              6.568668819110769
            ],
            [
              3.4032494417083967,
              6.568485200032001
            ],
            [
              3.403077031779617,
              6.568370456431467
            ],
            [
              3.4028184865839535,
              6.568284501028927
            ],
            [
              3.4026116596004385,
              6.568227225905787
            ],
            [
              3.402456547231907,
              6.568192886192776
            ],
            [
              3.401095494361641,
              6.568509906207282
            ],
            [
              3.399412762089355,
              6.56880420305157
            ],
            [
              3.399326538688854,
              6.568723854022721
            ],
            [
              3.3978952316796267,
              6.566657941311007
            ],
            [
              3.3979707450538967,
              6.566607074756746
            ],
            [
              3.3979668671772174,
              6.566545806643717
            ],
            [
              3.3986176040192504,
              6.566246593205733
            ],
            [
              3.3992913509151776,
              6.565993314439936
            ],
            [
              3.3996932732260348,
              6.565805350736412
            ],
            [
              3.401835109402839,
              6.5645392186100935
            ],
            [
              3.4020639383001594,
              6.563384459425322
            ],
            [
              3.402287196796749,
              6.562447980989589
            ],
            [
              3.4025095676624915,
              6.561599102816388
            ],
            [
              3.402767702767335,
              6.56117957177986
            ],
            [
              3.4031465089042854,
              6.560823129084213
            ],
            [
              3.403353227069829,
              6.5607482893021825
            ],
            [
              3.4034677152628774,
              6.560265687011906
            ],
            [
              3.403467368124609,
              6.559834874879641
            ],
            [
              3.4035245802951977,
              6.559553364596127
            ],
            [
              3.403604785432549,
              6.5592948131051685
            ],
            [
              3.403799717982622,
              6.558852354752446
            ],
            [
              3.4040349320665086,
              6.558501772039222
            ],
            [
              3.4043162849686155,
              6.558386662414591
            ],
            [
              3.404591824653039,
              6.558185394140651
            ],
            [
              3.4048672771032216,
              6.557874986841227
            ],
            [
              3.404838418758061,
              6.557702685730419
            ],
            [
              3.4046773609715046,
              6.557415606844813
            ],
            [
              3.4046657444285984,
              6.557254780183996
            ],
            [
              3.4047114533709077,
              6.556956046984055
            ],
            [
              3.4048029692816613,
              6.5564792084487635
            ],
            [
              3.4049978172954525,
              6.555933355040338
            ],
            [
              3.4052214705944266,
              6.555496618174459
            ],
            [
              3.405468127652,
              6.555094327141546
            ],
            [
              3.4058353703061357,
              6.5546517302931875
            ],
            [
              3.4059386691343434,
              6.554542506731366
            ],
            [
              3.4058868043326243,
              6.554330014918321
            ],
            [
              3.405886646051897,
              6.554134713646192
            ],
            [
              3.4059267126477266,
              6.55396235677739
            ],
            [
              3.406064371873299,
              6.553726734401323
            ],
            [
              3.406351340142294,
              6.5534565267973335
            ],
            [
              3.406966316342448,
              6.552882091135643
            ],
            [
              3.4072877133573343,
              6.552571645165358
            ],
            [
              3.4074483232815282,
              6.5523072840539385
            ],
            [
              3.407570604100158,
              6.551996999961602
            ],
            [
              3.4076392205736283,
              6.551617828699875
            ],
            [
              3.4076465680347496,
              6.551234879386243
            ],
            [
              3.4075696526174397,
              6.55082519142951
            ],
            [
              3.407420009026225,
              6.550446198233487
            ],
            [
              3.407300976558872,
              6.550040373764261
            ],
            [
              3.4072663247811192,
              6.549806806339063
            ],
            [
              3.407472774948644,
              6.549408376995075
            ],
            [
              3.407759638896266,
              6.549013711313762
            ],
            [
              3.407981563698229,
              6.548810570651369
            ],
            [
              3.4079890793325944,
              6.548634409650333
            ],
            [
              3.407973548040843,
              6.548370190631829
            ],
            [
              3.4079658210658295,
              6.548285950236448
            ],
            [
              3.407793519955021,
              6.548297577571191
            ],
            [
              3.407586745132221,
              6.548293916431135
            ],
            [
              3.407418188798431,
              6.548202146911592
            ],
            [
              3.4072534096172262,
              6.548045272771162
            ],
            [
              3.4072073859121588,
              6.547953404326222
            ],
            [
              3.407195808939491,
              6.54784235873791
            ],
            [
              3.4072416222031734,
              6.547673826685809
            ],
            [
              3.4072951390594426,
              6.547562729836159
            ],
            [
              3.4074711291893323,
              6.547378774410959
            ],
            [
              3.407612390199688,
              6.546865514232138
            ],
            [
              3.4075356960156,
              6.54672771561161
            ],
            [
              3.407447456335092,
              6.54651716813288
            ],
            [
              3.407305555906703,
              6.546241563697265
            ],
            [
              3.40720196839618,
              6.545992733877597
            ],
            [
              3.407121274926965,
              6.545644320329188
            ],
            [
              3.4069487948510755,
              6.545433840299552
            ],
            [
              3.4069027441663593,
              6.545307506236497
            ],
            [
              3.4068872596393476,
              6.5451007278163615
            ],
            [
              3.406875711444968,
              6.54502414874554
            ],
            [
              3.406391840211313,
              6.543285973269121
            ],
            [
              3.4061807297568976,
              6.542654285866661
            ],
            [
              3.406134536979323,
              6.542351797097808
            ],
            [
              3.4060997476053103,
              6.541945904280112
            ],
            [
              3.405946520215764,
              6.541865609210561
            ],
            [
              3.4057970510930886,
              6.5416972354391305
            ],
            [
              3.4056090712016953,
              6.541257000210464
            ],
            [
              3.405493847363232,
              6.540820535839089
            ],
            [
              3.4054630725627817,
              6.5406444072136765
            ],
            [
              3.405432162864088,
              6.54029978160969
            ],
            [
              3.4054433162560827,
              6.539886193293228
            ],
            [
              3.405454705270472,
              6.539763640879357
            ],
            [
              3.405416157629645,
              6.5394458285621795
            ],
            [
              3.4054695332923757,
              6.539158577006788
            ],
            [
              3.405503878401305,
              6.539013030726835
            ],
            [
              3.4055419026367417,
              6.538683668416638
            ],
            [
              3.4056602138478524,
              6.538201063428403
            ],
            [
              3.4058666181499575,
              6.537749021899913
            ],
            [
              3.4059698378378016,
              6.537545978364278
            ],
            [
              3.4058087341857686,
              6.537193799354384
            ],
            [
              3.4057127558390334,
              6.536879862215926
            ],
            [
              3.40567433320399,
              6.536715226926219
            ],
            [
              3.4056395069577547,
              6.536263379651302
            ],
            [
              3.4055742656398706,
              6.536079620278315
            ],
            [
              3.4055511773449894,
              6.535937949177082
            ],
            [
              3.4055702303818975,
              6.535823049993837
            ],
            [
              3.405677318953167,
              6.535669785732068
            ],
            [
              3.405715443013321,
              6.535462965043848
            ],
            [
              3.4057268122426194,
              6.535317436750347
            ],
            [
              3.4056768647955096,
              6.535106857795313
            ],
            [
              3.405569510924238,
              6.534930790323756
            ],
            [
              3.405465943198749,
              6.534701107070475
            ],
            [
              3.4053891132170406,
              6.534390983057449
            ],
            [
              3.4053889774194204,
              6.534222487877571
            ],
            [
              3.405442290129656,
              6.533858648258047
            ],
            [
              3.4053885448454935,
              6.53368636603301
            ],
            [
              3.4051508513307454,
              6.533318930923997
            ],
            [
              3.404821328941239,
              6.533035817149312
            ],
            [
              3.4045416712611427,
              6.5328598872740145
            ],
            [
              3.4042354089370406,
              6.532932892439078
            ],
            [
              3.4037798069925316,
              6.532994529274163
            ],
            [
              3.4032054720549354,
              6.533014137192708
            ],
            [
              3.402742135940855,
              6.532980042095289
            ],
            [
              3.402183785553291,
              6.533838284908995
            ],
            [
              3.401208778362502,
              6.535581460615958
            ],
            [
              3.401033481609943,
              6.536634698932232
            ],
            [
              3.4006218879898142,
              6.539074384275466
            ],
            [
              3.400565029252732,
              6.539798194631032
            ],
            [
              3.4005208491578856,
              6.540016507755695
            ],
            [
              3.400435909989312,
              6.540080115005367
            ],
            [
              3.4002347433387854,
              6.540003428915156
            ],
            [
              3.399935395002501,
              6.539909679088453
            ],
            [
              3.399762032691683,
              6.539846698666281
            ],
            [
              3.3996269913926085,
              6.540564828004449
            ],
            [
              3.3994026348237867,
              6.541825531822894
            ],
            [
              3.3993475027850764,
              6.542164893694917
            ],
            [
              3.3993144796795605,
              6.542367340080716
            ],
            [
              3.399296513023728,
              6.542519434324504
            ],
            [
              3.3992689227226265,
              6.542650247910672
            ],
            [
              3.3991686447172356,
              6.54294710962148
            ],
            [
              3.3987484068135814,
              6.544158506310055
            ],
            [
              3.3985812066574113,
              6.544565516985074
            ],
            [
              3.3985042192943524,
              6.544737425092137
            ],
            [
              3.397913692962618,
              6.546087773332147
            ],
            [
              3.3974035965987355,
              6.547466776670433
            ],
            [
              3.3970429936392748,
              6.549046709238269
            ],
            [
              3.396957370086625,
              6.54971884544841
            ],
            [
              3.396928838195379,
              6.549954377892277
            ],
            [
              3.396964773305683,
              6.550000782010557
            ],
            [
              3.396967208669764,
              6.5500558277143455
            ],
            [
              3.39696107979006,
              6.550072866269829
            ],
            [
              3.3967757412075343,
              6.550221389305705
            ],
            [
              3.3964025135651923,
              6.550365288027649
            ],
            [
              3.396067479230851,
              6.550384699894039
            ],
            [
              3.395100636984864,
              6.55040460908549
            ],
            [
              3.3938370292555646,
              6.550415175220223
            ],
            [
              3.3935785398177813,
              6.55038665681883
            ],
            [
              3.3927264285818524,
              6.550224572006414
            ],
            [
              3.391395512892643,
              6.549852240088853
            ],
            [
              3.387789075905175,
              6.54890748789029
            ],
            [
              3.3871801071762775,
              6.548729887973991
            ],
            [
              3.38590472912,
              6.548368986439641
            ],
            [
              3.384468520805626,
              6.547996715675936
            ],
            [
              3.3830094544228473,
              6.547773807015631
            ],
            [
              3.382130691778059,
              6.547803196860116
            ],
            [
              3.381165882899211,
              6.547976255200069
            ],
            [
              3.38090483309162,
              6.548046371742714
            ],
            [
              3.380115000806711,
              6.548258517316754
            ],
            [
              3.3789930111186095,
              6.548767070444001
            ],
            [
              3.378755985800126,
              6.548946311623013
            ],
            [
              3.3782583720263233,
              6.549322614047469
            ],
            [
              3.3778372689748153,
              6.549641056789369
            ],
            [
              3.377662158381952,
              6.549813157351366
            ],
            [
              3.376000632123521,
              6.55144610855109
            ],
            [
              3.374209931742996,
              6.553251119843367
            ],
            [
              3.372132260395574,
              6.555366524945214
            ],
            [
              3.370559634819358,
              6.556953083717872
            ],
            [
              3.3700430066794524,
              6.5573785349914715
            ],
            [
              3.3695263101911337,
              6.557712079149155
            ],
            [
              3.368825827350122,
              6.558068734084884
            ],
            [
              3.3682286055657187,
              6.558252986286334
            ],
            [
              3.367619870660576,
              6.558402781862924
            ],
            [
              3.366925915098932,
              6.558478963433458
            ],
            [
              3.366861745773008,
              6.558483755021314
            ],
            [
              3.3668166942351263,
              6.559713044621333
            ],
            [
              3.3667505410047056,
              6.563504256316435
            ],
            [
              3.366747775589431,
              6.564871485730521
            ],
            [
              3.3667336697231462,
              6.566525821909181
            ],
            [
              3.3667500967396222,
              6.568042274931088
            ],
            [
              3.3670423800018625,
              6.569757657989555
            ],
            [
              3.3676269807006634,
              6.57148894106183
            ],
            [
              3.3677343228807217,
              6.5717382601126815
            ],
            [
              3.3681544123962794,
              6.572713978667252
            ],
            [
              3.368547410734493,
              6.573383844988484
            ],
            [
              3.369208718207801,
              6.574398163344597
            ],
            [
              3.3717961990354297,
              6.578005506848683
            ],
            [
              3.3727928457133203,
              6.579364220582363
            ],
            [
              3.3731746636798334,
              6.579831245715468
            ],
            [
              3.373142553386174,
              6.579855030085639
            ],
            [
              3.373219220590613,
              6.579962197797215
            ],
            [
              3.3741647659912246,
              6.581264111249766
            ],
            [
              3.375120554669934,
              6.582580119776765
            ],
            [
              3.379091959926086,
              6.588053234569145
            ],
            [
              3.3828837139122925,
              6.593305735771139
            ],
            [
              3.383009806057771,
              6.593480401199599
            ],
            [
              3.3793590702649112,
              6.598177326422501
            ],
            [
              3.3783442869593046,
              6.599528036189952
            ],
            [
              3.377823040800763,
              6.599591617359295
            ],
            [
              3.377472857386522,
              6.599879091047285
            ],
            [
              3.3769850534175134,
              6.600488342163317
            ],
            [
              3.376588722191798,
              6.600510875576504
            ],
            [
              3.375276390992724,
              6.599512394281646
            ],
            [
              3.3713363181166187,
              6.604959685041479
            ],
            [
              3.369491963283508,
              6.607523428263676
            ],
            [
              3.366563910995751,
              6.605027889625433
            ],
            [
              3.365669091855125,
              6.6055609178021655
            ],
            [
              3.3586415888382817,
              6.610784242299019
            ],
            [
              3.3591259016391177,
              6.611313633617328
            ],
            [
              3.3586541919374326,
              6.611874314148338
            ],
            [
              3.3632758169254657,
              6.615104705917474
            ],
            [
              3.3631071607669014,
              6.6157116799500955
            ],
            [
              3.365011029135758,
              6.6168544520713795
            ],
            [
              3.365585224678398,
              6.616509380403613
            ],
            [
              3.3657346659221616,
              6.616624152782492
            ],
            [
              3.365109150566866,
              6.618139958292488
            ],
            [
              3.3647538140373285,
              6.619260332798149
            ],
            [
              3.364306937315348,
              6.6208920069606165
            ],
            [
              3.3641410816456414,
              6.621897359075888
            ],
            [
              3.3640553645634554,
              6.622512049291686
            ],
            [
              3.3639360461116894,
              6.6243100629590685
            ],
            [
              3.3640063578072272,
              6.626188356407567
            ],
            [
              3.364002420575275,
              6.62669464414256
            ],
            [
              3.364319758050442,
              6.628580414554563
            ],
            [
              3.3645110537422056,
              6.629374845972393
            ],
            [
              3.3646078693577124,
              6.629776905879567
            ],
            [
              3.3651165519873416,
              6.631461488956575
            ],
            [
              3.3659029623518677,
              6.633232030134138
            ],
            [
              3.36646864761002,
              6.634303857437146
            ],
            [
              3.3675422681611735,
              6.6360263136634785
            ],
            [
              3.369018097007597,
              6.637844204146745
            ],
            [
              3.3703595149796683,
              6.63915478796315
            ],
            [
              3.3719690127597914,
              6.640446020167758
            ],
            [
              3.3726700810594252,
              6.64110208369425
            ],
            [
              3.3784303089116747,
              6.6392881942948065
            ],
            [
              3.3807905652324735,
              6.6406956198070475
            ],
            [
              3.3839313521502277,
              6.6411067763567075
            ],
            [
              3.3822293312186957,
              6.639070829954903
            ],
            [
              3.390778050067013,
              6.639768780305019
            ],
            [
              3.3925387625538974,
              6.638496015678641
            ],
            [
              3.4312078298775077,
              6.640632217602786
            ]
          ]
        ]
      }
    },
    {
      "type": "Feature",
      "properties": {
        "lganame": "Alimosho",
        "lga_match": "alimosho",
        "ch4_2020": 1915.5625888092502,
        "no2_2020": 6.255546464478878e-05,
        "co_2020": 0.05705944808788138,
        "isi_2020": 766.2393139726553,
        "hotspots_2020": 0.09010226871987773,
        "ch4_2021": 1931.6303984432489,
        "no2_2021": 7.32520068224996e-05,
        "co_2021": 0.054569761841334996,
        "isi_2021": 772.6658263263895,
        "hotspots_2021": 0.3552921571789497,
        "ch4_2022": 1952.2985300555288,
        "no2_2022": 7.448365711188677e-05,
        "co_2022": 0.0533211307139299,
        "isi_2022": 780.93276837417,
        "hotspots_2022": 0.25014442518775276,
        "ch4_2023": 1955.584591709967,
        "no2_2023": 7.395898661304041e-05,
        "co_2023": 0.051417725248914976,
        "isi_2023": 782.2467170009446,
        "hotspots_2023": 0.17394044430439573,
        "ch4_2024": 1970.2715964719623,
        "no2_2024": 6.842127106742807e-05,
        "co_2024": 0.055828660069925505,
        "isi_2024": 788.1226197012477,
        "hotspots_2024": 0.9330129720077728,
        "ch4_2025": 1964.0071158698706,
        "no2_2025": 5.779670855009881e-05,
        "co_2025": 0.052090454599228425,
        "isi_2025": 785.6158891904461,
        "hotspots_2025": 0.6310592931043537
      },
      "geometry": {
        "type": "Polygon",
        "coordinates": [
          [
            [
              3.306024227236321,
              6.64782754490534
            ],
            [
              3.3062534302516724,
              6.646870035823554
            ],
            [
              3.3062146811626576,
              6.646142460905878
            ],
            [
              3.305754251657447,
              6.6447832840214005
            ],
            [
              3.305351569419429,
              6.643902755108115
            ],
            [
              3.30502548603738,
              6.643022177631451
            ],
            [
              3.304584400949409,
              6.641969344909398
            ],
            [
              3.304460228856499,
              6.641416700720185
            ],
            [
              3.303938632861673,
              6.640222226574565
            ],
            [
              3.3033862980392428,
              6.638859274336085
            ],
            [
              3.3026190917976805,
              6.63683778183821
            ],
            [
              3.302097524581143,
              6.6356739412993875
            ],
            [
              3.3018260606242507,
              6.634848440103497
            ],
            [
              3.300567947752654,
              6.63166308278511
            ],
            [
              3.2985591302996795,
              6.626424428444693
            ],
            [
              3.2981141052817975,
              6.6251379923245395
            ],
            [
              3.298036921866526,
              6.624157691724122
            ],
            [
              3.298327080030788,
              6.622656364399745
            ],
            [
              3.2991075251921984,
              6.621292601872142
            ],
            [
              3.3005467120611343,
              6.6199897117558635
            ],
            [
              3.3010851631498213,
              6.619347950147812
            ],
            [
              3.3017282836334516,
              6.6189033406167255
            ],
            [
              3.30252438599166,
              6.618121643599011
            ],
            [
              3.303213263980979,
              6.617355330384214
            ],
            [
              3.303840631040316,
              6.616206104728008
            ],
            [
              3.3042382240148527,
              6.615072336619107
            ],
            [
              3.3043253260530037,
              6.614816753790194
            ],
            [
              3.3046663777511753,
              6.613816008002402
            ],
            [
              3.30517097206274,
              6.612314544880405
            ],
            [
              3.3055074453124007,
              6.611441217738047
            ],
            [
              3.3058594714374863,
              6.610950829117542
            ],
            [
              3.3062660549345537,
              6.610407852640321
            ],
            [
              3.306793316658286,
              6.609969052729639
            ],
            [
              3.3079175438596167,
              6.609305654332502
            ],
            [
              3.308079602591647,
              6.609210023124092
            ],
            [
              3.3092739957983213,
              6.608485512196694
            ],
            [
              3.3099343436950335,
              6.60806577431606
            ],
            [
              3.3101869947340674,
              6.607899034612785
            ],
            [
              3.310288065941563,
              6.607849955011488
            ],
            [
              3.312217422895799,
              6.606623316612797
            ],
            [
              3.3131591335871917,
              6.606032987232595
            ],
            [
              3.3137988303518,
              6.605668018963968
            ],
            [
              3.314332935016978,
              6.6054723786473915
            ],
            [
              3.3147809322942408,
              6.605368701204668
            ],
            [
              3.31530364614639,
              6.605328160666147
            ],
            [
              3.3158379099916147,
              6.605385264018764
            ],
            [
              3.31603845431124,
              6.604580948152261
            ],
            [
              3.3159749558795397,
              6.6040927313944735
            ],
            [
              3.315928699250094,
              6.6036159908853165
            ],
            [
              3.3158246548839543,
              6.602599331593922
            ],
            [
              3.3157036052372177,
              6.601938825416482
            ],
            [
              3.315565406418443,
              6.601410444936107
            ],
            [
              3.3151575359915455,
              6.601376238322814
            ],
            [
              3.3144280563097936,
              6.601457117951668
            ],
            [
              3.312831244366464,
              6.6016419367260255
            ],
            [
              3.312589369004229,
              6.60066557335756
            ],
            [
              3.3121183373913823,
              6.60067161320444
            ],
            [
              3.311136018712318,
              6.600614785044343
            ],
            [
              3.3102743728640576,
              6.600621065909536
            ],
            [
              3.309860772856439,
              6.600609835175817
            ],
            [
              3.309912279727996,
              6.600299615834672
            ],
            [
              3.3099521286878257,
              6.599719425411195
            ],
            [
              3.309980126381788,
              6.598553332969971
            ],
            [
              3.309870358730109,
              6.597548164316379
            ],
            [
              3.309795273433167,
              6.596887626662692
            ],
            [
              3.309794655598921,
              6.5958938776004175
            ],
            [
              3.3098515988722284,
              6.595089652565434
            ],
            [
              3.309897517356603,
              6.595032183188778
            ],
            [
              3.309941485211425,
              6.594916792076333
            ],
            [
              3.3098734847735614,
              6.594875189438483
            ],
            [
              3.309723824095272,
              6.594375535102927
            ],
            [
              3.309298029280683,
              6.59321546901873
            ],
            [
              3.3087523971054793,
              6.593330691058611
            ],
            [
              3.3087003497414003,
              6.5927677901015045
            ],
            [
              3.3086653616172157,
              6.591923412135827
            ],
            [
              3.308735272215074,
              6.590410726373989
            ],
            [
              3.30876177523578,
              6.589920537402918
            ],
            [
              3.3087914537626375,
              6.588373410304712
            ],
            [
              3.3087923377962056,
              6.5881477254372385
            ],
            [
              3.308794072588455,
              6.587704766162062
            ],
            [
              3.3088322676950384,
              6.587543904427719
            ],
            [
              3.3087020431648284,
              6.587505690435307
            ],
            [
              3.3086866629591896,
              6.587406132786839
            ],
            [
              3.3087087826842208,
              6.586019849436525
            ],
            [
              3.308715496123284,
              6.584488053980579
            ],
            [
              3.3087524510648336,
              6.582320546655978
            ],
            [
              3.3087744475827208,
              6.580735130022276
            ],
            [
              3.3086671872409283,
              6.580673923962479
            ],
            [
              3.3086286521905777,
              6.580283342102632
            ],
            [
              3.3086054532790854,
              6.579923384856386
            ],
            [
              3.3086203361596063,
              6.5792187516441345
            ],
            [
              3.3086553116933146,
              6.57797989415684
            ],
            [
              3.3086550553865663,
              6.57756343880169
            ],
            [
              3.30842511762512,
              6.577281156000595
            ],
            [
              3.3082000892627548,
              6.577195132249585
            ],
            [
              3.3077261654302106,
              6.577133195040972
            ],
            [
              3.307295377579635,
              6.577162181089818
            ],
            [
              3.307046494700046,
              6.577205415097865
            ],
            [
              3.3069743906556255,
              6.57671241394678
            ],
            [
              3.306926080874007,
              6.575989628818377
            ],
            [
              3.3069543051970527,
              6.575180634678588
            ],
            [
              3.3070256151400486,
              6.574381186842345
            ],
            [
              3.3074133020822956,
              6.574323507024303
            ],
            [
              3.307503328715711,
              6.572825168147062
            ],
            [
              3.307540927571779,
              6.571695448785988
            ],
            [
              3.3073876021561546,
              6.571446627060254
            ],
            [
              3.3069227174095204,
              6.570503901933591
            ],
            [
              3.306386282600897,
              6.569968103844985
            ],
            [
              3.305955230349639,
              6.569551911091878
            ],
            [
              3.3059214446190026,
              6.569097180590461
            ],
            [
              3.30583504315274,
              6.568699924861676
            ],
            [
              3.3057343478619146,
              6.568412775829017
            ],
            [
              3.305681554959847,
              6.568183038616382
            ],
            [
              3.305389592755546,
              6.568221511613501
            ],
            [
              3.3049684132616903,
              6.568293571591084
            ],
            [
              3.304556896083909,
              6.56851401700834
            ],
            [
              3.3042890006369134,
              6.568772670122655
            ],
            [
              3.3037197468688646,
              6.569361798008629
            ],
            [
              3.303480511016801,
              6.56951990871687
            ],
            [
              3.3030594502334907,
              6.5697930148357955
            ],
            [
              3.303030768155452,
              6.569855261411249
            ],
            [
              3.303284742097219,
              6.5703194320961416
            ],
            [
              3.303083888410754,
              6.570625912056244
            ],
            [
              3.302863808118275,
              6.570803159438299
            ],
            [
              3.3025814821497192,
              6.570946934953156
            ],
            [
              3.3016675353285336,
              6.57145489272915
            ],
            [
              3.300672160292038,
              6.571876735023352
            ],
            [
              3.3000212957462622,
              6.572082960360376
            ],
            [
              3.2997101815796555,
              6.572116654360173
            ],
            [
              3.299269779077065,
              6.5720690487476645
            ],
            [
              3.2986810370002786,
              6.572102909122009
            ],
            [
              3.297757254293913,
              6.57218004936982
            ],
            [
              3.296900454892125,
              6.572209279134995
            ],
            [
              3.295713340798102,
              6.572181259857302
            ],
            [
              3.295004898956961,
              6.572157744384469
            ],
            [
              3.2947320860170066,
              6.5722057726783305
            ],
            [
              3.2947217564039875,
              6.57267371781785
            ],
            [
              3.2945684363842815,
              6.572630008068472
            ],
            [
              3.2944009754247077,
              6.572646445876842
            ],
            [
              3.293772844840987,
              6.572447682214829
            ],
            [
              3.2929685208806063,
              6.572172430313458
            ],
            [
              3.2918807503963876,
              6.571767140041516
            ],
            [
              3.2912449153206467,
              6.571484128789564
            ],
            [
              3.2904865008513866,
              6.57113225734787
            ],
            [
              3.2897204025745737,
              6.570734434146857
            ],
            [
              3.2889620528565047,
              6.570489785275413
            ],
            [
              3.288894670252887,
              6.570485859734674
            ],
            [
              3.288834942678534,
              6.570482382056355
            ],
            [
              3.288311044419231,
              6.570451866260669
            ],
            [
              3.2881084703296892,
              6.570580250777994
            ],
            [
              3.287954465026587,
              6.570316581245265
            ],
            [
              3.2877059931371377,
              6.569891174937823
            ],
            [
              3.287361085146017,
              6.569422261228397
            ],
            [
              3.2868150770542,
              6.568848151121301
            ],
            [
              3.286460530129432,
              6.568264357114458
            ],
            [
              3.2864030994235236,
              6.568139236236789
            ],
            [
              3.2863808528940694,
              6.568090769973082
            ],
            [
              3.286355092713393,
              6.568034647780792
            ],
            [
              3.2866291692008645,
              6.567339127398839
            ],
            [
              3.286641874822692,
              6.5673068822068785
            ],
            [
              3.2866381039654016,
              6.567280588728238
            ],
            [
              3.286622651813957,
              6.567172859839673
            ],
            [
              3.2867853148904373,
              6.5670291616665395
            ],
            [
              3.2868198560515793,
              6.5669114691889945
            ],
            [
              3.2868330886761328,
              6.56686638077889
            ],
            [
              3.2867946687389917,
              6.566646207856252
            ],
            [
              3.286737109430078,
              6.566435619008644
            ],
            [
              3.286555058769011,
              6.5661580846279435
            ],
            [
              3.286428725605276,
              6.565922577365086
            ],
            [
              3.2864113066365235,
              6.565890102846026
            ],
            [
              3.2864704883224363,
              6.565587060994119
            ],
            [
              3.28647611717912,
              6.565239696055187
            ],
            [
              3.2864778852462564,
              6.5651305822106565
            ],
            [
              3.2864086950053206,
              6.564671082604434
            ],
            [
              3.2863625993545043,
              6.56441836321693
            ],
            [
              3.286296466808551,
              6.5640813566693055
            ],
            [
              3.2862934711668004,
              6.564066089778294
            ],
            [
              3.286308478153785,
              6.563522294018696
            ],
            [
              3.286422987930621,
              6.562878874960177
            ],
            [
              3.286430472088682,
              6.562572511012604
            ],
            [
              3.2865374113724783,
              6.56208227617617
            ],
            [
              3.286743973055934,
              6.561699209051312
            ],
            [
              3.286873303660059,
              6.561296790314657
            ],
            [
              3.2868892270562355,
              6.561247245763809
            ],
            [
              3.2868431565864284,
              6.561040479934263
            ],
            [
              3.2867893591416646,
              6.560711175180643
            ],
            [
              3.2866589799280064,
              6.5603895731203465
            ],
            [
              3.2864214051238037,
              6.560106326246
            ],
            [
              3.2863447451139223,
              6.559976167366301
            ],
            [
              3.2862450102990124,
              6.559669864572641
            ],
            [
              3.2861683017258088,
              6.559455458102946
            ],
            [
              3.2860763037784295,
              6.559287013285086
            ],
            [
              3.286007269120205,
              6.5590955781984235
            ],
            [
              3.285930408561569,
              6.558613106309849
            ],
            [
              3.2857463083454945,
              6.55809239974451
            ],
            [
              3.2857361792812867,
              6.557887142078016
            ],
            [
              3.2857308121273263,
              6.557778390660246
            ],
            [
              3.28602144243564,
              6.5570889173197315
            ],
            [
              3.286419384347141,
              6.556567879803879
            ],
            [
              3.2871326888225667,
              6.555457153225063
            ],
            [
              3.2871554722473206,
              6.555421675869695
            ],
            [
              3.286959761783635,
              6.554686525962438
            ],
            [
              3.2866172855593163,
              6.553936370866893
            ],
            [
              3.2866031985788027,
              6.55390551422812
            ],
            [
              3.2866833173812324,
              6.553388487688608
            ],
            [
              3.286683026000901,
              6.552877939865084
            ],
            [
              3.2866829558537916,
              6.552756622220386
            ],
            [
              3.2865756001838236,
              6.552402598701008
            ],
            [
              3.2864660582620218,
              6.551936377561844
            ],
            [
              3.2863452901030996,
              6.551422380838233
            ],
            [
              3.286230025795078,
              6.550740798149377
            ],
            [
              3.2861837116090555,
              6.55026719357619
            ],
            [
              3.2861761033445305,
              6.550189382434098
            ],
            [
              3.286237169110109,
              6.549837034351697
            ],
            [
              3.2863670294149188,
              6.549254878010288
            ],
            [
              3.2864229348705862,
              6.548223745029873
            ],
            [
              3.2864276581099716,
              6.548136632199885
            ],
            [
              3.2862892461518527,
              6.547148701751212
            ],
            [
              3.2859504976174208,
              6.545196305964794
            ],
            [
              3.285935803594498,
              6.545111615009091
            ],
            [
              3.286562888266701,
              6.543541165792192
            ],
            [
              3.2871749893343463,
              6.542560467691487
            ],
            [
              3.288008882104293,
              6.541066488727495
            ],
            [
              3.2880387297036577,
              6.53969551543571
            ],
            [
              3.2880384967792793,
              6.539288362667833
            ],
            [
              3.2880384410212855,
              6.539190018204806
            ],
            [
              3.2880384284307524,
              6.5391670450231345
            ],
            [
              3.2880225311149616,
              6.539072376089337
            ],
            [
              3.288167383118264,
              6.537931104936604
            ],
            [
              3.2885935664399994,
              6.533266540018872
            ],
            [
              3.2882710893393323,
              6.5318038592607195
            ],
            [
              3.2876645919474186,
              6.529161856134806
            ],
            [
              3.2874592893148247,
              6.527699873250583
            ],
            [
              3.287136316687736,
              6.525356408171774
            ],
            [
              3.2863660572477897,
              6.524242462919403
            ],
            [
              3.284406901257512,
              6.523123444591363
            ],
            [
              3.2826947305774183,
              6.522021513382185
            ],
            [
              3.2818478938652333,
              6.5214507208741
            ],
            [
              3.281901789336132,
              6.521418929839797
            ],
            [
              3.2831260769069672,
              6.519671994067323
            ],
            [
              3.2846258151292886,
              6.517526633447403
            ],
            [
              3.285501967042194,
              6.51633516573537
            ],
            [
              3.285571783211253,
              6.516237291617756
            ],
            [
              3.2876061953696762,
              6.513385259921847
            ],
            [
              3.2911451679152037,
              6.508596364630591
            ],
            [
              3.292216431343263,
              6.5071788334364555
            ],
            [
              3.2924808131390364,
              6.506849470226939
            ],
            [
              3.291997030938262,
              6.506372697342158
            ],
            [
              3.291597838969153,
              6.50575861326945
            ],
            [
              3.290847180253195,
              6.504291071675652
            ],
            [
              3.290511695358475,
              6.503485475174614
            ],
            [
              3.2901997250373256,
              6.501953855985732
            ],
            [
              3.2900793336943366,
              6.500661469950899
            ],
            [
              3.2900312307567674,
              6.500238657288264
            ],
            [
              3.2900705751969213,
              6.499297217292792
            ],
            [
              3.290093563667085,
              6.497653711649548
            ],
            [
              3.2901082918642146,
              6.495515568089047
            ],
            [
              3.290099875109206,
              6.495015440710063
            ],
            [
              3.290090495180266,
              6.494458096663891
            ],
            [
              3.290080512705572,
              6.493865002767734
            ],
            [
              3.290071021260644,
              6.493300985751944
            ],
            [
              3.290058723930997,
              6.492570297381349
            ],
            [
              3.2900481353132704,
              6.491941063329477
            ],
            [
              3.2900422330626498,
              6.491590370898962
            ],
            [
              3.289490055621627,
              6.4906735651329655
            ],
            [
              3.2887545468848884,
              6.489984674553114
            ],
            [
              3.287007835043596,
              6.48854577636655
            ],
            [
              3.2844949889526447,
              6.486387353993223
            ],
            [
              3.2835758098757992,
              6.4858670566194405
            ],
            [
              3.2831621918816722,
              6.485652836309384
            ],
            [
              3.283016913599738,
              6.485419577351649
            ],
            [
              3.2828898807634346,
              6.485539903044128
            ],
            [
              3.2824399076756663,
              6.485358252581364
            ],
            [
              3.2818175921082116,
              6.485080960118239
            ],
            [
              3.280572967268654,
              6.484535945777338
            ],
            [
              3.2801515854273475,
              6.484124506840544
            ],
            [
              3.2798355546671587,
              6.483827896040623
            ],
            [
              3.2794333328820358,
              6.483445167060836
            ],
            [
              3.2791939351520227,
              6.48325382370507
            ],
            [
              3.278755536338963,
              6.482934061657659
            ],
            [
              3.2772695262676734,
              6.48204643169754
            ],
            [
              3.275538552562182,
              6.481281473761044
            ],
            [
              3.274757340279052,
              6.48097553699148
            ],
            [
              3.2740067660994328,
              6.480684901287191
            ],
            [
              3.273317261282614,
              6.480041915701918
            ],
            [
              3.2728576087916394,
              6.479643893750733
            ],
            [
              3.2720539494302443,
              6.479117131150758
            ],
            [
              3.2716972837027356,
              6.478889945314791
            ],
            [
              3.271352590649599,
              6.478674718663399
            ],
            [
              3.2712424650677576,
              6.478552060129516
            ],
            [
              3.2712407851341823,
              6.478566835091442
            ],
            [
              3.2701531900177656,
              6.478077237874288
            ],
            [
              3.2692342933279974,
              6.478031771748931
            ],
            [
              3.2680114671555316,
              6.477930060224139
            ],
            [
              3.2663842356440114,
              6.47781603068529
            ],
            [
              3.2640008289750995,
              6.477664094722229
            ],
            [
              3.2625692899408136,
              6.477564610818206
            ],
            [
              3.262086441236306,
              6.477531054414669
            ],
            [
              3.2585231708077345,
              6.477365020679201
            ],
            [
              3.2537755606936116,
              6.47716828139113
            ],
            [
              3.250620728164108,
              6.477096129682707
            ],
            [
              3.2479646335610255,
              6.47714530281354
            ],
            [
              3.2474698832285753,
              6.476972945944738
            ],
            [
              3.247400996958504,
              6.477153946197689
            ],
            [
              3.2473969212309726,
              6.4771659800260295
            ],
            [
              3.246353579953791,
              6.477089897380893
            ],
            [
              3.2455780118158373,
              6.476534993195401
            ],
            [
              3.245194932100503,
              6.476085209864607
            ],
            [
              3.2451272797002275,
              6.474735340063944
            ],
            [
              3.245270612748641,
              6.474237434010433
            ],
            [
              3.244887451194984,
              6.473615321689806
            ],
            [
              3.244408680915967,
              6.473213454237566
            ],
            [
              3.2441788447779345,
              6.472964646001685
            ],
            [
              3.244101947347019,
              6.4722849437951595
            ],
            [
              3.2439966097558113,
              6.472179682646299
            ],
            [
              3.2434605868366475,
              6.47214164492101
            ],
            [
              3.242474913686351,
              6.4725442147437775
            ],
            [
              3.2415987033175497,
              6.472782821070382
            ],
            [
              3.2415944477256176,
              6.472783979397207
            ],
            [
              3.241460537773662,
              6.472975518805185
            ],
            [
              3.24142446956364,
              6.473237995836882
            ],
            [
              3.241422384035843,
              6.473253177292349
            ],
            [
              3.24115433120744,
              6.473147991686517
            ],
            [
              3.240726172075256,
              6.473270571979356
            ],
            [
              3.2407255848179375,
              6.4732707401526
            ],
            [
              3.240336868151985,
              6.473674884688251
            ],
            [
              3.240327605134894,
              6.47368451642734
            ],
            [
              3.239481099373279,
              6.474395825307113
            ],
            [
              3.2394703353876935,
              6.474404869788941
            ],
            [
              3.2392104070347045,
              6.475293440439998
            ],
            [
              3.2390271368929007,
              6.476365791148396
            ],
            [
              3.238890148561552,
              6.478158068040443
            ],
            [
              3.2389362082394655,
              6.478403135096642
            ],
            [
              3.23977912570615,
              6.479704773356673
            ],
            [
              3.239645692394845,
              6.480046322379906
            ],
            [
              3.2396414601852825,
              6.480057152915322
            ],
            [
              3.239136097852679,
              6.480103345692896
            ],
            [
              3.238661516615764,
              6.480471202583999
            ],
            [
              3.238202185182729,
              6.480701188908768
            ],
            [
              3.23772734404173,
              6.480517595011065
            ],
            [
              3.2373085594425106,
              6.4802485942972226
            ],
            [
              3.2372984042979738,
              6.480242070615134
            ],
            [
              3.2372124093252523,
              6.481410682956721
            ],
            [
              3.2372070961306463,
              6.481482876033965
            ],
            [
              3.237472291812878,
              6.481823798229755
            ],
            [
              3.2378839690699692,
              6.482024653714859
            ],
            [
              3.2385731258491433,
              6.48201475667571
            ],
            [
              3.238860299163548,
              6.4820624908912805
            ],
            [
              3.2399230424145458,
              6.48266513828554
            ],
            [
              3.24050736971941,
              6.483622239974466
            ],
            [
              3.241024611196906,
              6.484397470866611
            ],
            [
              3.241031403776333,
              6.484498657187316
            ],
            [
              3.2410438908628976,
              6.484684674758
            ],
            [
              3.240832406290565,
              6.484979272875194
            ],
            [
              3.240823887012823,
              6.4849911412282495
            ],
            [
              3.2405176129975075,
              6.485039155132938
            ],
            [
              3.2392160448845857,
              6.485441868847204
            ],
            [
              3.237373666761357,
              6.4858491313323725
            ],
            [
              3.237349744794926,
              6.485854419346026
            ],
            [
              3.2355610687883427,
              6.4885359126023445
            ],
            [
              3.2351020260377368,
              6.4894073412758075
            ],
            [
              3.2340789311977574,
              6.491772539371254
            ],
            [
              3.233314326694881,
              6.4942620759341025
            ],
            [
              3.2316015471737387,
              6.495564896802591
            ],
            [
              3.229027530995779,
              6.497423382682996
            ],
            [
              3.2278690773960648,
              6.498213742870007
            ],
            [
              3.225282533662039,
              6.499947756283973
            ],
            [
              3.2245016460341844,
              6.500377008991848
            ],
            [
              3.2239199033808745,
              6.500913398834314
            ],
            [
              3.223300783104719,
              6.501282360092887
            ],
            [
              3.223276828762664,
              6.501296635031736
            ],
            [
              3.2229858594099596,
              6.501342717192699
            ],
            [
              3.222526399373862,
              6.50134292043947
            ],
            [
              3.2223357188184423,
              6.50096191006412
            ],
            [
              3.2223117959526917,
              6.500914108399456
            ],
            [
              3.2222057613868174,
              6.500095019369724
            ],
            [
              3.2221888568303143,
              6.499964442305213
            ],
            [
              3.221913087818791,
              6.4997501095799635
            ],
            [
              3.2213157329347837,
              6.499612508810287
            ],
            [
              3.220457930788939,
              6.4992758862731534
            ],
            [
              3.2202434505748556,
              6.499122799177883
            ],
            [
              3.2198299458953556,
              6.4991382971946905
            ],
            [
              3.219247987404742,
              6.499184504361438
            ],
            [
              3.2188344620408316,
              6.499154046122385
            ],
            [
              3.2181300788400904,
              6.499430075937312
            ],
            [
              3.217917578933168,
              6.499458507104464
            ],
            [
              3.2179003641105624,
              6.499460811167523
            ],
            [
              3.217396437995262,
              6.499950424572489
            ],
            [
              3.217379861691313,
              6.499966531430346
            ],
            [
              3.217104179914031,
              6.4999513310891075
            ],
            [
              3.2167978087719007,
              6.499798281765322
            ],
            [
              3.21667514304346,
              6.49946133727093
            ],
            [
              3.2165218257217134,
              6.499078450909849
            ],
            [
              3.216273708165147,
              6.498772161606041
            ],
            [
              3.216261329896497,
              6.498756883023759
            ],
            [
              3.216184577256456,
              6.498343327082921
            ],
            [
              3.2165978463136184,
              6.497776381874587
            ],
            [
              3.216949950679748,
              6.497439234133424
            ],
            [
              3.216720203574596,
              6.497393377702281
            ],
            [
              3.21606171457654,
              6.497546839814845
            ],
            [
              3.215709609311091,
              6.497883987556008
            ],
            [
              3.2151893281250636,
              6.498910519604863
            ],
            [
              3.2146995852177156,
              6.499722585828749
            ],
            [
              3.2140107279128074,
              6.500504100284047
            ],
            [
              3.213275923345236,
              6.501285630927157
            ],
            [
              3.213245782566844,
              6.502449817704985
            ],
            [
              3.214578880910665,
              6.504011697282067
            ],
            [
              3.2143192196563177,
              6.5056661593658305
            ],
            [
              3.214227717235417,
              6.506585280886043
            ],
            [
              3.213355212972772,
              6.507719188389899
            ],
            [
              3.2122683705889017,
              6.509052317310648
            ],
            [
              3.210829404953131,
              6.510722588576641
            ],
            [
              3.210615101905489,
              6.510998404352904
            ],
            [
              3.2096964894014945,
              6.5117800069418195
            ],
            [
              3.2085329870078,
              6.512959980418827
            ],
            [
              3.2085984153845857,
              6.513042798086701
            ],
            [
              3.2084489228795405,
              6.513219808947099
            ],
            [
              3.2081430697469386,
              6.5143381536829
            ],
            [
              3.2075466771374863,
              6.516574837758583
            ],
            [
              3.2073328588244294,
              6.518045460429676
            ],
            [
              3.207012226233303,
              6.520481165373553
            ],
            [
              3.206767804890319,
              6.522028388699255
            ],
            [
              3.2061863248390523,
              6.52331534462752
            ],
            [
              3.205910636766532,
              6.52331545794209
            ],
            [
              3.2047924386201885,
              6.522994233597046
            ],
            [
              3.2046239884064107,
              6.5230555736558244
            ],
            [
              3.203169315211767,
              6.523913973850881
            ],
            [
              3.2002615048646135,
              6.529536868931416
            ],
            [
              3.2001853988371067,
              6.530731709101133
            ],
            [
              3.1996497743176633,
              6.531850140171855
            ],
            [
              3.2010897408988512,
              6.532446971650472
            ],
            [
              3.2013961282287937,
              6.532600029967455
            ],
            [
              3.2002641974348194,
              6.536307452726817
            ],
            [
              3.2003575839353857,
              6.540045022559809
            ],
            [
              3.201369062232459,
              6.541515153301759
            ],
            [
              3.201186285818494,
              6.544073342310924
            ],
            [
              3.198629080667615,
              6.545774662670567
            ],
            [
              3.1995338723903615,
              6.5485621913920795
            ],
            [
              3.2001319827048746,
              6.550461392279487
            ],
            [
              3.2000710824145813,
              6.551380500309904
            ],
            [
              3.1999194630128613,
              6.552726975169833
            ],
            [
              3.199552824703119,
              6.55516269090549
            ],
            [
              3.198451797312657,
              6.559697271412006
            ],
            [
              3.197977571307945,
              6.561229263819541
            ],
            [
              3.1971512823058674,
              6.563358798170043
            ],
            [
              3.196493176418983,
              6.564722362846794
            ],
            [
              3.195697335763498,
              6.566407659985543
            ],
            [
              3.195345252981099,
              6.566959246572026
            ],
            [
              3.1935538646192185,
              6.5688746991081075
            ],
            [
              3.1921289014276795,
              6.567711075305908
            ],
            [
              3.1916701068899442,
              6.569610689881472
            ],
            [
              3.191716773610267,
              6.571479473898648
            ],
            [
              3.192942638591944,
              6.572689128600473
            ],
            [
              3.1931800038541382,
              6.576250458292066
            ],
            [
              3.1932815876751874,
              6.577774588826287
            ],
            [
              3.200881788863512,
              6.584343032005393
            ],
            [
              3.2043750380776146,
              6.586241051183606
            ],
            [
              3.2050806119806907,
              6.588553783730163
            ],
            [
              3.2103362032532345,
              6.592166650870297
            ],
            [
              3.211792481737689,
              6.59466287209392
            ],
            [
              3.218396374393194,
              6.598688661152835
            ],
            [
              3.223207103425125,
              6.600448101099062
            ],
            [
              3.224616983187275,
              6.6017648155938105
            ],
            [
              3.225367909001875,
              6.602484421618783
            ],
            [
              3.2271009610405486,
              6.607033080112615
            ],
            [
              3.2273998390314205,
              6.607817416640501
            ],
            [
              3.22849561887773,
              6.608913109252626
            ],
            [
              3.2314288818374735,
              6.611676651256516
            ],
            [
              3.232149174045219,
              6.612350307320867
            ],
            [
              3.2323560828669997,
              6.612579979782311
            ],
            [
              3.233536240705007,
              6.613896774316743
            ],
            [
              3.234578611613699,
              6.6153744692563805
            ],
            [
              3.237830248067553,
              6.619846251903027
            ],
            [
              3.2380317501651916,
              6.64603783018174
            ],
            [
              3.2381064541496016,
              6.655747965895955
            ],
            [
              3.23804948029931,
              6.656736000665944
            ],
            [
              3.2380615123289544,
              6.657861864633389
            ],
            [
              3.2384076389014353,
              6.660814232790642
            ],
            [
              3.241476846978969,
              6.663558484336647
            ],
            [
              3.243234573716677,
              6.664804012994864
            ],
            [
              3.2442804645718297,
              6.665767388354311
            ],
            [
              3.244904690299279,
              6.666757859387758
            ],
            [
              3.2467154644471634,
              6.66949163563055
            ],
            [
              3.248607643428045,
              6.67193760004028
            ],
            [
              3.2516151652077383,
              6.6757873198289985
            ],
            [
              3.254099133168495,
              6.678630361002433
            ],
            [
              3.2561040232820915,
              6.681923241264599
            ],
            [
              3.257043517144666,
              6.683539078365811
            ],
            [
              3.2568109983289446,
              6.684510106056621
            ],
            [
              3.2566669521181666,
              6.685757977448759
            ],
            [
              3.256220137449418,
              6.688297152991254
            ],
            [
              3.257221276240955,
              6.691053854751658
            ],
            [
              3.2573585991200957,
              6.692600617624464
            ],
            [
              3.257394661034823,
              6.693006797325893
            ],
            [
              3.2581872407486117,
              6.692454937345531
            ],
            [
              3.258325052858936,
              6.692305514987595
            ],
            [
              3.2591290908349038,
              6.69169620541561
            ],
            [
              3.2618276757067406,
              6.6883861094314625
            ],
            [
              3.2622295890243436,
              6.687891892396976
            ],
            [
              3.266008241687075,
              6.684558220685403
            ],
            [
              3.2699364039419265,
              6.68155760390033
            ],
            [
              3.2699918921121593,
              6.677973185014537
            ],
            [
              3.2703241142664865,
              6.676146342679601
            ],
            [
              3.2705877199473434,
              6.674916936167733
            ],
            [
              3.2713180270054067,
              6.673588246300596
            ],
            [
              3.2717815276953957,
              6.672744967306471
            ],
            [
              3.2723899721195835,
              6.671756626766978
            ],
            [
              3.272865611858549,
              6.670982243036121
            ],
            [
              3.2736463088301093,
              6.669817649764752
            ],
            [
              3.27523892273814,
              6.668545378866213
            ],
            [
              3.277811676267902,
              6.666644517830264
            ],
            [
              3.2798332622952557,
              6.6654179441828205
            ],
            [
              3.281073733166295,
              6.6645900732733026
            ],
            [
              3.2816863243644434,
              6.664206776821345
            ],
            [
              3.2821154808448227,
              6.663868102031358
            ],
            [
              3.283187544669488,
              6.663254771590459
            ],
            [
              3.2842215806614945,
              6.6631201466775
            ],
            [
              3.286235029622958,
              6.663357815910501
            ],
            [
              3.2864814654473093,
              6.6633869035827615
            ],
            [
              3.2876689140891813,
              6.663615981592329
            ],
            [
              3.289219905574214,
              6.663308719222073
            ],
            [
              3.2900239120739343,
              6.662791268202511
            ],
            [
              3.2908468753830675,
              6.661948301273128
            ],
            [
              3.2914781652851275,
              6.660818234773785
            ],
            [
              3.291863600324916,
              6.660094619571112
            ],
            [
              3.292243321072476,
              6.6593817305824246
            ],
            [
              3.2929510560464337,
              6.658002702962392
            ],
            [
              3.2937736767138404,
              6.65660445683028
            ],
            [
              3.294366927092085,
              6.655933946594416
            ],
            [
              3.296051502974535,
              6.6548989843007575
            ],
            [
              3.2980614337881775,
              6.6535574620073135
            ],
            [
              3.2999947909269167,
              6.652273420781796
            ],
            [
              3.302770433308922,
              6.650510174005376
            ],
            [
              3.304550637701823,
              6.649341094016336
            ],
            [
              3.3055459830607106,
              6.6486320289450305
            ],
            [
              3.306024227236321,
              6.64782754490534
            ]
          ]
        ]
      }
    },
    {
      "type": "Feature",
      "properties": {
        "lganame": "Ifako/Ijaye",
        "lga_match": "ifako/ijaye",
        "ch4_2020": 1916.7311904948644,
        "no2_2020": 6.75973376347014e-05,
        "co_2020": 0.05744363324738484,
        "isi_2020": 766.7068607653259,
        "hotspots_2020": 0.368147120055517,
        "ch4_2021": 1933.922624038014,
        "no2_2021": 8.194726668829832e-05,
        "co_2021": 0.05538861296129188,
        "isi_2021": 773.5829254499891,
        "hotspots_2021": 0.051353226925746,
        "ch4_2022": 1952.2049873231595,
        "no2_2022": 8.388217608216165e-05,
        "co_2022": 0.05345853482016863,
        "isi_2022": 780.8953889217305,
        "hotspots_2022": 0.0,
        "ch4_2023": 1948.7362376867786,
        "no2_2023": 8.169348742203258e-05,
        "co_2023": 0.05167646458497174,
        "isi_2023": 779.5074427835788,
        "hotspots_2023": 0.0,
        "ch4_2024": 1968.1213372084399,
        "no2_2024": 7.461568674120868e-05,
        "co_2024": 0.05600277893044797,
        "isi_2024": 787.2625616935991,
        "hotspots_2024": 0.8470969234328012,
        "ch4_2025": 1955.753100677554,
        "no2_2025": 7.214260805835355e-05,
        "co_2025": 0.05271431006100127,
        "isi_2025": 782.3144440984499,
        "hotspots_2025": 0.227735368956743
      },
      "geometry": {
        "type": "Polygon",
        "coordinates": [
          [
            [
              3.353350238722612,
              6.658239752562565
            ],
            [
              3.3531970733862977,
              6.658285815837758
            ],
            [
              3.3531127754342833,
              6.658232263907905
            ],
            [
              3.3531893356193905,
              6.658178596864786
            ],
            [
              3.352660497384079,
              6.657757734831648
            ],
            [
              3.3523083030857492,
              6.657987752632721
            ],
            [
              3.351511677322094,
              6.658003638257355
            ],
            [
              3.351113201213309,
              6.65778181328011
            ],
            [
              3.350860394591564,
              6.657743698213153
            ],
            [
              3.350668836297814,
              6.657659586420834
            ],
            [
              3.350400639577913,
              6.657521916403368
            ],
            [
              3.3500865432594082,
              6.657468527250785
            ],
            [
              3.34958074205764,
              6.657124234395951
            ],
            [
              3.3490136673469237,
              6.656787643335122
            ],
            [
              3.3487224111104297,
              6.656535104711338
            ],
            [
              3.348354528138998,
              6.656244326014871
            ],
            [
              3.3480326535841414,
              6.656022445279689
            ],
            [
              3.3478409783784855,
              6.655769835609476
            ],
            [
              3.3473346582679255,
              6.65468262720151
            ],
            [
              3.3471429183110786,
              6.654338111314814
            ],
            [
              3.34692254124235,
              6.654027314608925
            ],
            [
              3.3463765790159528,
              6.653751977272009
            ],
            [
              3.345767448409049,
              6.653511147821291
            ],
            [
              3.3452387459714146,
              6.65327026081394
            ],
            [
              3.3448594892740857,
              6.653138410309452
            ],
            [
              3.3443423656077584,
              6.653023887042821
            ],
            [
              3.343813725223299,
              6.652869161382739
            ],
            [
              3.343164432692447,
              6.652703031419833
            ],
            [
              3.34278512473378,
              6.652496503910584
            ],
            [
              3.342468984256243,
              6.6522497227465465
            ],
            [
              3.3422332000022266,
              6.651899490768926
            ],
            [
              3.34195714590561,
              6.651468868393636
            ],
            [
              3.34170480063608,
              6.6510305550161775
            ],
            [
              3.3417357562002508,
              6.651024580819808
            ],
            [
              3.3415513583086067,
              6.650212864432206
            ],
            [
              3.3412446256390353,
              6.649722904788291
            ],
            [
              3.3411525278669387,
              6.649462566344425
            ],
            [
              3.3417188165701646,
              6.648680967352789
            ],
            [
              3.3419940306999933,
              6.6478995680107005
            ],
            [
              3.342698035286162,
              6.64688810500212
            ],
            [
              3.342881711022187,
              6.646658210408134
            ],
            [
              3.3430652266789025,
              6.646198548923962
            ],
            [
              3.3430035673607676,
              6.645647150295815
            ],
            [
              3.3430535336936487,
              6.645478099334866
            ],
            [
              3.3432481056156576,
              6.64481981808018
            ],
            [
              3.34329358702945,
              6.644130485033884
            ],
            [
              3.3432471397437666,
              6.643425896787733
            ],
            [
              3.3432308008607947,
              6.641955398223104
            ],
            [
              3.343285906819176,
              6.640567836936157
            ],
            [
              3.343291027558905,
              6.640438892141219
            ],
            [
              3.3433669986881114,
              6.639535086974718
            ],
            [
              3.343351116660756,
              6.638723253675266
            ],
            [
              3.3433198634210157,
              6.637834842204256
            ],
            [
              3.343273320807157,
              6.6369923941837214
            ],
            [
              3.343211609328364,
              6.636364405692802
            ],
            [
              3.3431971680149672,
              6.6359043224265974
            ],
            [
              3.343024535054269,
              6.635483202288015
            ],
            [
              3.342698630637358,
              6.634947302575995
            ],
            [
              3.3424493889282303,
              6.634507088031739
            ],
            [
              3.3418358939114228,
              6.633454409993078
            ],
            [
              3.3418416306867584,
              6.6333123881562415
            ],
            [
              3.3415291153764315,
              6.632880202759225
            ],
            [
              3.3405135883314756,
              6.631961831273543
            ],
            [
              3.33944067105017,
              6.631120085623479
            ],
            [
              3.3387892156498538,
              6.630546112213381
            ],
            [
              3.338233546141282,
              6.630029513751083
            ],
            [
              3.3377735168343747,
              6.629359671711541
            ],
            [
              3.337523944174734,
              6.628421623958843
            ],
            [
              3.337293546859769,
              6.6275218576476504
            ],
            [
              3.337052006944589,
              6.627131416981342
            ],
            [
              3.3367874821566375,
              6.626729502764363
            ],
            [
              3.3366787442287205,
              6.6265343651688795
            ],
            [
              3.336621324314706,
              6.626572697871779
            ],
            [
              3.3349174022163766,
              6.627041045008241
            ],
            [
              3.3338261342687474,
              6.627355795133894
            ],
            [
              3.333389629427927,
              6.627486290360082
            ],
            [
              3.3319728878385604,
              6.627889333226221
            ],
            [
              3.330173238304326,
              6.628396022058837
            ],
            [
              3.3294074053275153,
              6.628576515993473
            ],
            [
              3.328683684904206,
              6.628737832784793
            ],
            [
              3.327906344202461,
              6.628891526023153
            ],
            [
              3.327416160627365,
              6.62893397312439
            ],
            [
              3.3269795595590494,
              6.628922772967655
            ],
            [
              3.3264778053065243,
              6.62883885542891
            ],
            [
              3.325926258290224,
              6.6287473098405485
            ],
            [
              3.325550867778361,
              6.62863650167327
            ],
            [
              3.32509887481325,
              6.628514255028904
            ],
            [
              3.324731147424586,
              6.6284072707789505
            ],
            [
              3.324696812208174,
              6.628371555103229
            ],
            [
              3.3246442891027073,
              6.628316920389636
            ],
            [
              3.3246391701616176,
              6.62831159460444
            ],
            [
              3.324645264867115,
              6.628213672822767
            ],
            [
              3.3246180972474235,
              6.628225034857508
            ],
            [
              3.3244802419696384,
              6.628250017124628
            ],
            [
              3.324384437192066,
              6.6281562583047275
            ],
            [
              3.3240492247919633,
              6.627991810074036
            ],
            [
              3.3233788395618262,
              6.627722268867672
            ],
            [
              3.322574685573329,
              6.627355057689783
            ],
            [
              3.322414186265746,
              6.627895116766297
            ],
            [
              3.322230783024281,
              6.628550074126679
            ],
            [
              3.3220647546847317,
              6.629423299645623
            ],
            [
              3.3219157208338856,
              6.629928885909408
            ],
            [
              3.321737971630114,
              6.630445978998807
            ],
            [
              3.3213192913522676,
              6.631497439355371
            ],
            [
              3.321130037121577,
              6.631991561961058
            ],
            [
              3.32093636002503,
              6.632459839849787
            ],
            [
              3.318206208949448,
              6.639199542724782
            ],
            [
              3.3160266462127765,
              6.644611973064173
            ],
            [
              3.315814380129609,
              6.645071644440861
            ],
            [
              3.3156250908253355,
              6.645528428993828
            ],
            [
              3.3154052245715206,
              6.646083841296274
            ],
            [
              3.315128007651481,
              6.646792469297054
            ],
            [
              3.314774203566685,
              6.6475202924276005
            ],
            [
              3.314487191230967,
              6.647884274139983
            ],
            [
              3.314090012843849,
              6.648162161954247
            ],
            [
              3.3136535044057496,
              6.648323277297436
            ],
            [
              3.3132743817074015,
              6.648386702884068
            ],
            [
              3.3122517446223583,
              6.648312674290537
            ],
            [
              3.309574520447825,
              6.648142029730934
            ],
            [
              3.308052052760047,
              6.64802809641958
            ],
            [
              3.3076417523650434,
              6.64800467177821
            ],
            [
              3.3075924497318283,
              6.647925150125616
            ],
            [
              3.3069461213664795,
              6.6478776821093675
            ],
            [
              3.306024227236321,
              6.64782754490534
            ],
            [
              3.3055459830607106,
              6.6486320289450305
            ],
            [
              3.304550637701823,
              6.649341094016336
            ],
            [
              3.302770433308922,
              6.650510174005376
            ],
            [
              3.2999947909269167,
              6.652273420781796
            ],
            [
              3.2980614337881775,
              6.6535574620073135
            ],
            [
              3.296051502974535,
              6.6548989843007575
            ],
            [
              3.294366927092085,
              6.655933946594416
            ],
            [
              3.2937736767138404,
              6.65660445683028
            ],
            [
              3.2929510560464337,
              6.658002702962392
            ],
            [
              3.292243321072476,
              6.6593817305824246
            ],
            [
              3.291863600324916,
              6.660094619571112
            ],
            [
              3.2914781652851275,
              6.660818234773785
            ],
            [
              3.2908468753830675,
              6.661948301273128
            ],
            [
              3.2900239120739343,
              6.662791268202511
            ],
            [
              3.289219905574214,
              6.663308719222073
            ],
            [
              3.2876689140891813,
              6.663615981592329
            ],
            [
              3.2864814654473093,
              6.6633869035827615
            ],
            [
              3.286235029622958,
              6.663357815910501
            ],
            [
              3.2842215806614945,
              6.6631201466775
            ],
            [
              3.283187544669488,
              6.663254771590459
            ],
            [
              3.2821154808448227,
              6.663868102031358
            ],
            [
              3.2816863243644434,
              6.664206776821345
            ],
            [
              3.281073733166295,
              6.6645900732733026
            ],
            [
              3.2798332622952557,
              6.6654179441828205
            ],
            [
              3.277811676267902,
              6.666644517830264
            ],
            [
              3.27523892273814,
              6.668545378866213
            ],
            [
              3.2736463088301093,
              6.669817649764752
            ],
            [
              3.272865611858549,
              6.670982243036121
            ],
            [
              3.2723899721195835,
              6.671756626766978
            ],
            [
              3.2717815276953957,
              6.672744967306471
            ],
            [
              3.2713180270054067,
              6.673588246300596
            ],
            [
              3.2705877199473434,
              6.674916936167733
            ],
            [
              3.2703241142664865,
              6.676146342679601
            ],
            [
              3.2699918921121593,
              6.677973185014537
            ],
            [
              3.2699364039419265,
              6.68155760390033
            ],
            [
              3.266008241687075,
              6.684558220685403
            ],
            [
              3.2622295890243436,
              6.687891892396976
            ],
            [
              3.2618276757067406,
              6.6883861094314625
            ],
            [
              3.2591290908349038,
              6.69169620541561
            ],
            [
              3.258325052858936,
              6.692305514987595
            ],
            [
              3.2581872407486117,
              6.692454937345531
            ],
            [
              3.257394661034823,
              6.693006797325893
            ],
            [
              3.2577461970294053,
              6.696956686302087
            ],
            [
              3.260409406169231,
              6.699099787824991
            ],
            [
              3.2628134801580586,
              6.7001037450918375
            ],
            [
              3.263052932746689,
              6.700208927100334
            ],
            [
              3.2645468856302955,
              6.700428319411458
            ],
            [
              3.2657726013245565,
              6.700437230793625
            ],
            [
              3.268865137815908,
              6.699583490885459
            ],
            [
              3.2697263906604235,
              6.698539486807931
            ],
            [
              3.2724554355699524,
              6.698423097448028
            ],
            [
              3.273976438262082,
              6.697288074784865
            ],
            [
              3.277270045176465,
              6.694830275297022
            ],
            [
              3.278332617556316,
              6.6940432066287485
            ],
            [
              3.278413711223834,
              6.693590448340558
            ],
            [
              3.279689420230625,
              6.692800425399355
            ],
            [
              3.2803952333533744,
              6.691722686852586
            ],
            [
              3.2816912175756556,
              6.6899068926890095
            ],
            [
              3.284995633441781,
              6.687195963722786
            ],
            [
              3.285225616169271,
              6.68700728775616
            ],
            [
              3.285464882598319,
              6.686796528037405
            ],
            [
              3.2884032761903086,
              6.685596289237424
            ],
            [
              3.2886234644013825,
              6.685509996589133
            ],
            [
              3.290150541114656,
              6.685130938641976
            ],
            [
              3.290796780447124,
              6.684943870663176
            ],
            [
              3.2909118307164817,
              6.684914922385815
            ],
            [
              3.2951350434475444,
              6.683852285254829
            ],
            [
              3.297724832834831,
              6.683211205332896
            ],
            [
              3.298108560062019,
              6.6829299864297695
            ],
            [
              3.2996303991236573,
              6.681837663577369
            ],
            [
              3.301226881915113,
              6.680682106693894
            ],
            [
              3.3021727861452064,
              6.680437399366554
            ],
            [
              3.3069306143564177,
              6.679075956190502
            ],
            [
              3.3073937795992947,
              6.678619961242248
            ],
            [
              3.3082512157211,
              6.67778843189069
            ],
            [
              3.3097090176570987,
              6.676861837903573
            ],
            [
              3.3104651640361453,
              6.676373105834216
            ],
            [
              3.3106893272507136,
              6.676077653361062
            ],
            [
              3.3112311507970276,
              6.675440211196815
            ],
            [
              3.311824967748123,
              6.674865138815164
            ],
            [
              3.3124095045949957,
              6.674673876398344
            ],
            [
              3.3145906006757286,
              6.6748251837352655
            ],
            [
              3.3155409052885716,
              6.67432942616216
            ],
            [
              3.3159614093916048,
              6.674893257917574
            ],
            [
              3.316602784291092,
              6.67522029907758
            ],
            [
              3.3172252986087187,
              6.675666171256864
            ],
            [
              3.317582492238273,
              6.675237895212717
            ],
            [
              3.320425722269306,
              6.674248053704787
            ],
            [
              3.3221661262657562,
              6.673655269175356
            ],
            [
              3.3236762021950312,
              6.673148924783106
            ],
            [
              3.3248498408475484,
              6.672755614380151
            ],
            [
              3.328053618080048,
              6.671681132278479
            ],
            [
              3.3280783017722797,
              6.671651784702135
            ],
            [
              3.3303142007397923,
              6.671720055835976
            ],
            [
              3.3342956145510243,
              6.671757582746295
            ],
            [
              3.3364385667864553,
              6.671773357754319
            ],
            [
              3.339357132125997,
              6.671817312119288
            ],
            [
              3.3408623589107833,
              6.671816274301648
            ],
            [
              3.3435979517840906,
              6.673112559796834
            ],
            [
              3.3450338507316815,
              6.672554372186596
            ],
            [
              3.345193802352128,
              6.67125033273669
            ],
            [
              3.3465351573716475,
              6.666969981579427
            ],
            [
              3.348117295976465,
              6.66200015798097
            ],
            [
              3.3484172981198412,
              6.661161793781787
            ],
            [
              3.348762338311303,
              6.66076600214933
            ],
            [
              3.3509304337925414,
              6.659881689788222
            ],
            [
              3.3516398253177044,
              6.659607465811973
            ],
            [
              3.352630898896905,
              6.659216776033418
            ],
            [
              3.3529982143961092,
              6.658707196779744
            ],
            [
              3.353350238722612,
              6.658239752562565
            ]
          ]
        ]
      }
    },
    {
      "type": "Feature",
      "properties": {
        "lganame": "Ikorodu",
        "lga_match": "ikorodu",
        "ch4_2020": 1897.8750335711436,
        "no2_2020": 4.9949771161887046e-05,
        "co_2020": 0.056222908087292106,
        "isi_2020": 759.1639209842958,
        "hotspots_2020": 0.040356083086053395,
        "ch4_2021": 1919.437669625779,
        "no2_2021": 6.169531579962976e-05,
        "co_2021": 0.05492697550212473,
        "isi_2021": 767.7890503688184,
        "hotspots_2021": 0.0,
        "ch4_2022": 1938.061339736173,
        "no2_2022": 5.795569232649809e-05,
        "co_2022": 0.053921422234572074,
        "isi_2022": 775.2381283785064,
        "hotspots_2022": 0.0,
        "ch4_2023": 1948.5139622984711,
        "no2_2023": 5.7036880227027186e-05,
        "co_2023": 0.0516281462117071,
        "isi_2023": 779.4185119188496,
        "hotspots_2023": 0.005366443941705687,
        "ch4_2024": 1957.9162630463677,
        "no2_2024": 5.2638117266220687e-05,
        "co_2024": 0.05534533069970875,
        "isi_2024": 783.1803599745629,
        "hotspots_2024": 0.08470563476613878,
        "ch4_2025": 1948.5792657626973,
        "no2_2025": 5.800922921500797e-05,
        "co_2025": 0.05302094404188961,
        "isi_2025": 779.4449818443194,
        "hotspots_2025": 0.2641026990056295
      },
      "geometry": {
        "type": "Polygon",
        "coordinates": [
          [
            [
              3.699014341138991,
              6.684149117287973
            ],
            [
              3.699150216109615,
              6.678692261338824
            ],
            [
              3.6970838069721594,
              6.673166724165014
            ],
            [
              3.695045668922546,
              6.670680594234113
            ],
            [
              3.692505320664054,
              6.6685062844375125
            ],
            [
              3.6906066260949615,
              6.663004403030811
            ],
            [
              3.6909629581740546,
              6.6610653477875985
            ],
            [
              3.6907905176682902,
              6.657571400699624
            ],
            [
              3.689952086919334,
              6.657093917350437
            ],
            [
              3.689606330867548,
              6.656122740372211
            ],
            [
              3.688361015348619,
              6.655675314164455
            ],
            [
              3.687343279568722,
              6.653628080371675
            ],
            [
              3.6864958457067587,
              6.650106346031066
            ],
            [
              3.6839559821828516,
              6.641245138852128
            ],
            [
              3.6837628078073976,
              6.640020042790809
            ],
            [
              3.684090500076593,
              6.63880685824995
            ],
            [
              3.6858477438782984,
              6.638402356683457
            ],
            [
              3.687282199414028,
              6.6372056432259114
            ],
            [
              3.6894610858605006,
              6.6343306788178324
            ],
            [
              3.6908361231886033,
              6.631732532930073
            ],
            [
              3.6900873746326965,
              6.630309093190135
            ],
            [
              3.6899816611248184,
              6.628643514586599
            ],
            [
              3.6910271122114864,
              6.6286305733423205
            ],
            [
              3.6916125996418145,
              6.628319587778776
            ],
            [
              3.6918420373801837,
              6.628078026279923
            ],
            [
              3.692610235573966,
              6.626974130951453
            ],
            [
              3.693163198123159,
              6.628053206790128
            ],
            [
              3.694104896224019,
              6.627787672962768
            ],
            [
              3.694770576201165,
              6.627315743826557
            ],
            [
              3.695871807737774,
              6.626119477332054
            ],
            [
              3.696812759401382,
              6.625325502769783
            ],
            [
              3.6970761888151173,
              6.624750746050154
            ],
            [
              3.6971902840044777,
              6.624187685913
            ],
            [
              3.697097536921831,
              6.623590454236137
            ],
            [
              3.6969583209697703,
              6.622625678632232
            ],
            [
              3.6981856851213024,
              6.6212684020151755
            ],
            [
              3.698576017868959,
              6.621072561149845
            ],
            [
              3.698954004723589,
              6.620267889151819
            ],
            [
              3.6994576538476736,
              6.618957577829974
            ],
            [
              3.699709750904333,
              6.618497713099032
            ],
            [
              3.699697664915334,
              6.618072683607522
            ],
            [
              3.699593848976974,
              6.617774149157697
            ],
            [
              3.699489807308794,
              6.617314785349095
            ],
            [
              3.699581197314444,
              6.616947048967177
            ],
            [
              3.69969523944377,
              6.616349525909925
            ],
            [
              3.69946447070879,
              6.615637610887063
            ],
            [
              3.6994060750303674,
              6.614959916866724
            ],
            [
              3.6994859294321714,
              6.614557732853143
            ],
            [
              3.69935907196367,
              6.61421327901968
            ],
            [
              3.6993010171282776,
              6.613776826339517
            ],
            [
              3.6996915540220243,
              6.613730325993799
            ],
            [
              3.7000472709648307,
              6.61343114493144
            ],
            [
              3.7001382877518267,
              6.612799191329657
            ],
            [
              3.699907843672122,
              6.612317029707185
            ],
            [
              3.7000222086580266,
              6.6119492609497
            ],
            [
              3.699859854049066,
              6.6108696419204875
            ],
            [
              3.7006048911028984,
              6.60966238121398
            ],
            [
              3.698649238871326,
              6.6077696518480025
            ],
            [
              3.6969592103993136,
              6.606864487805922
            ],
            [
              3.7007027742137097,
              6.597577137774749
            ],
            [
              3.694787237041396,
              6.59283601177259
            ],
            [
              3.6899021349755685,
              6.590832430172554
            ],
            [
              3.6875029164265243,
              6.586527820702429
            ],
            [
              3.6839591747761347,
              6.585288176308325
            ],
            [
              3.682566963094928,
              6.582274532843485
            ],
            [
              3.6788794072588757,
              6.580843580167141
            ],
            [
              3.675378416680644,
              6.575774537065286
            ],
            [
              3.669534980854735,
              6.572814701837046
            ],
            [
              3.6641995747506257,
              6.565402216139432
            ],
            [
              3.6622933672451268,
              6.562150210064203
            ],
            [
              3.6571660984367327,
              6.55765754426028
            ],
            [
              3.6503659035636247,
              6.5548423029300125
            ],
            [
              3.641794191748602,
              6.5515027001895305
            ],
            [
              3.6354676877836027,
              6.544665860641032
            ],
            [
              3.6340742620176343,
              6.5403596503776384
            ],
            [
              3.63292474408172,
              6.539690969362766
            ],
            [
              3.628529151998805,
              6.538714933347535
            ],
            [
              3.6269692671180565,
              6.540570267104215
            ],
            [
              3.6253634232834315,
              6.542425654820136
            ],
            [
              3.619586775609264,
              6.546657769940168
            ],
            [
              3.6184046833295156,
              6.547520822328124
            ],
            [
              3.612742314306388,
              6.548102157588573
            ],
            [
              3.607872488124883,
              6.548648010097622
            ],
            [
              3.605309047074911,
              6.547123203273259
            ],
            [
              3.600057510845488,
              6.54546374365691
            ],
            [
              3.5986796802230856,
              6.5459708587681575
            ],
            [
              3.5972606408659544,
              6.54652253528684
            ],
            [
              3.5921099932816105,
              6.545973376869881
            ],
            [
              3.5883989876232363,
              6.54863912659448
            ],
            [
              3.585124556952792,
              6.548106843955736
            ],
            [
              3.576580369788303,
              6.542857148638575
            ],
            [
              3.5720484746574357,
              6.538193233031336
            ],
            [
              3.5718309700233135,
              6.53774497405135
            ],
            [
              3.568879482302293,
              6.534914598030298
            ],
            [
              3.567304922284393,
              6.5307423777586
            ],
            [
              3.56521240133128,
              6.5255942446787
            ],
            [
              3.5610951683074177,
              6.524507476938538
            ],
            [
              3.560997039681695,
              6.5223439967780905
            ],
            [
              3.55519235474344,
              6.518712523564147
            ],
            [
              3.543959932105224,
              6.522601979897502
            ],
            [
              3.5429034193573443,
              6.522832879933503
            ],
            [
              3.541081561065255,
              6.523462855926084
            ],
            [
              3.537955043690374,
              6.521428972569083
            ],
            [
              3.5325754071294,
              6.5176972078598965
            ],
            [
              3.530399529814474,
              6.5166425908828955
            ],
            [
              3.5242549083374115,
              6.51355486666381
            ],
            [
              3.518144772263497,
              6.514158558170948
            ],
            [
              3.5140099979630577,
              6.514484452695399
            ],
            [
              3.512264173752669,
              6.514593449628023
            ],
            [
              3.5079954202524846,
              6.518764143750275
            ],
            [
              3.49860712312028,
              6.521908748290173
            ],
            [
              3.496895431778796,
              6.522482056201966
            ],
            [
              3.495807356424393,
              6.519310759783764
            ],
            [
              3.493915410367947,
              6.517828722917272
            ],
            [
              3.4896063636427925,
              6.516181491382781
            ],
            [
              3.4807336874097814,
              6.521886265239004
            ],
            [
              3.4749713308622745,
              6.527085363798562
            ],
            [
              3.4716735465969464,
              6.5320666969205945
            ],
            [
              3.4674889102850557,
              6.535612807385178
            ],
            [
              3.4673963862342703,
              6.539059365597268
            ],
            [
              3.4664672579576177,
              6.5435837226107765
            ],
            [
              3.4684775538960366,
              6.543629721134778
            ],
            [
              3.4716898171313915,
              6.549418700312799
            ],
            [
              3.472315399036461,
              6.552984248724158
            ],
            [
              3.470641640199574,
              6.554565452933332
            ],
            [
              3.4709051172773684,
              6.554804543095258
            ],
            [
              3.4700471271732454,
              6.5586108229312
            ],
            [
              3.470265121038551,
              6.5613869401552165
            ],
            [
              3.471648563430506,
              6.563919356393228
            ],
            [
              3.47557987421186,
              6.570636246165861
            ],
            [
              3.4757204796164842,
              6.572123274269757
            ],
            [
              3.476595346398142,
              6.574006507694207
            ],
            [
              3.478665001188915,
              6.575934550738964
            ],
            [
              3.482117474242102,
              6.582272721608888
            ],
            [
              3.4879257124017613,
              6.60096984728068
            ],
            [
              3.4828227549662074,
              6.5988150365847105
            ],
            [
              3.481258383367731,
              6.596794627769896
            ],
            [
              3.47919162799127,
              6.597991389790877
            ],
            [
              3.4823798163754986,
              6.602173115896619
            ],
            [
              3.482412463564401,
              6.602215938015149
            ],
            [
              3.48241147520946,
              6.60230283680653
            ],
            [
              3.481479668751774,
              6.606386622244884
            ],
            [
              3.4809308268962127,
              6.606711582373691
            ],
            [
              3.479797612769687,
              6.607049661812482
            ],
            [
              3.477209629221079,
              6.60786398083809
            ],
            [
              3.4757680258737196,
              6.606088520368985
            ],
            [
              3.4752311773769975,
              6.605338469594756
            ],
            [
              3.4746478932856917,
              6.604082982743535
            ],
            [
              3.473205321368539,
              6.60126591668876
            ],
            [
              3.467889977340633,
              6.601255616753349
            ],
            [
              3.465669273318383,
              6.6016865898643005
            ],
            [
              3.4642908257610543,
              6.601871688327776
            ],
            [
              3.4648569768680204,
              6.601212503254487
            ],
            [
              3.4667847743978655,
              6.5987905165691245
            ],
            [
              3.4666294021252497,
              6.596447066778751
            ],
            [
              3.465250056145237,
              6.595651838561537
            ],
            [
              3.464849366804856,
              6.5930482158025825
            ],
            [
              3.4646951771407544,
              6.591960807745124
            ],
            [
              3.4617839808460644,
              6.591059769792594
            ],
            [
              3.455478709874626,
              6.597207939095142
            ],
            [
              3.4508710648478313,
              6.6005666919992905
            ],
            [
              3.444901935276164,
              6.60604046059882
            ],
            [
              3.441747236745641,
              6.606992964054086
            ],
            [
              3.4417619820299024,
              6.607057575846511
            ],
            [
              3.4419010172182425,
              6.607666805378813
            ],
            [
              3.4416870783960007,
              6.608249066041594
            ],
            [
              3.4416570671199906,
              6.608953704649821
            ],
            [
              3.4416119948976984,
              6.609949392650378
            ],
            [
              3.4412754281185585,
              6.610439856813969
            ],
            [
              3.440846840909046,
              6.610807861193905
            ],
            [
              3.442611090429523,
              6.613777920814471
            ],
            [
              3.4435925061892476,
              6.61494118938441
            ],
            [
              3.4441443940485783,
              6.615415543992185
            ],
            [
              3.445952367707662,
              6.615858138142585
            ],
            [
              3.447270942899763,
              6.61717672232794
            ],
            [
              3.449142808893555,
              6.619447311744068
            ],
            [
              3.4518099372788242,
              6.621313646007991
            ],
            [
              3.4526833912255483,
              6.621634522315389
            ],
            [
              3.4524239512044232,
              6.622706991734333
            ],
            [
              3.451719571601018,
              6.623013986106628
            ],
            [
              3.451520610088153,
              6.623213295657138
            ],
            [
              3.4498064860804902,
              6.624945744250738
            ],
            [
              3.4451659258668315,
              6.626083430705819
            ],
            [
              3.4449064957382234,
              6.627186534630937
            ],
            [
              3.4403159216425365,
              6.632904112135122
            ],
            [
              3.4384475459175405,
              6.633518473199047
            ],
            [
              3.4349584506720134,
              6.637672630587474
            ],
            [
              3.43220264643503,
              6.639559115061161
            ],
            [
              3.4312078298775077,
              6.640632217602786
            ],
            [
              3.431462138367067,
              6.640641187440906
            ],
            [
              3.440269058870001,
              6.640770992887042
            ],
            [
              3.4520620091544743,
              6.6409448111541565
            ],
            [
              3.448072499646173,
              6.65490662314221
            ],
            [
              3.4476758068930167,
              6.661772916387008
            ],
            [
              3.442074065665622,
              6.66276098623058
            ],
            [
              3.442467865299818,
              6.66853713568031
            ],
            [
              3.4441505777869565,
              6.671089694034208
            ],
            [
              3.443471017673403,
              6.673893769382005
            ],
            [
              3.439770517895113,
              6.675487673817145
            ],
            [
              3.439240084262508,
              6.682807433116579
            ],
            [
              3.4431984727313534,
              6.68590903567349
            ],
            [
              3.4539397594124353,
              6.67673890777445
            ],
            [
              3.4590199613022037,
              6.673523020271205
            ],
            [
              3.4613505858608846,
              6.683327682826359
            ],
            [
              3.483216965590543,
              6.683319830845562
            ],
            [
              3.491505331605822,
              6.683311628129161
            ],
            [
              3.4947764887439803,
              6.68333611486986
            ],
            [
              3.5091871910360624,
              6.683254408764014
            ],
            [
              3.5239617554307188,
              6.683210189098986
            ],
            [
              3.529810491860758,
              6.683222855150689
            ],
            [
              3.5298792630176195,
              6.683223002639522
            ],
            [
              3.5524923111712496,
              6.683281757147427
            ],
            [
              3.5526906683397215,
              6.683307510133545
            ],
            [
              3.5534184150278634,
              6.683335411600012
            ],
            [
              3.563146890616565,
              6.683410541863054
            ],
            [
              3.5673408466028604,
              6.683434446742353
            ],
            [
              3.5759107229015967,
              6.68352023127369
            ],
            [
              3.578946077799287,
              6.683545390707252
            ],
            [
              3.5801141559435905,
              6.683467430277744
            ],
            [
              3.5804415478392,
              6.683391082332605
            ],
            [
              3.5810772552111985,
              6.683321403759805
            ],
            [
              3.581781930691591,
              6.6832746201276905
            ],
            [
              3.5838884244113274,
              6.683241491801482
            ],
            [
              3.5853744389792155,
              6.683201435098226
            ],
            [
              3.6014453374324376,
              6.6831673193163965
            ],
            [
              3.6014914483716893,
              6.68327273065205
            ],
            [
              3.6183262426620217,
              6.683291122687194
            ],
            [
              3.6321078359079593,
              6.683306179136878
            ],
            [
              3.6709580752550437,
              6.682991509950284
            ],
            [
              3.6815622719813064,
              6.682929079913151
            ],
            [
              3.684938137185327,
              6.683426985067342
            ],
            [
              3.6875227698599815,
              6.682992592734024
            ],
            [
              3.690421576194808,
              6.6823717007933965
            ],
            [
              3.6911890189580845,
              6.68237196339544
            ],
            [
              3.6923747759751677,
              6.682786340417351
            ],
            [
              3.696285484187797,
              6.6841529843727585
            ],
            [
              3.699014341138991,
              6.684149117287973
            ]
          ]
        ]
      }
    },
    {
      "type": "Feature",
      "properties": {
        "lganame": "Ikeja",
        "lga_match": "ikeja",
        "ch4_2020": 1918.496034626043,
        "no2_2020": 9.016417825017368e-05,
        "co_2020": 0.0578531419228376,
        "isi_2020": 767.4129173178635,
        "hotspots_2020": 0.4705275229357798,
        "ch4_2021": 1933.7568244934478,
        "no2_2021": 0.00011434566318874919,
        "co_2021": 0.0562667770128798,
        "isi_2021": 773.5168567429366,
        "hotspots_2021": 0.551314142678348,
        "ch4_2022": 1955.719811658704,
        "no2_2022": 0.00010812622912897861,
        "co_2022": 0.054450909740517826,
        "isi_2022": 782.3015752350972,
        "hotspots_2022": 0.5032707501486705,
        "ch4_2023": 1954.9839372816475,
        "no2_2023": 0.00010501942552388295,
        "co_2023": 0.05243970706813695,
        "isi_2023": 782.0067215962248,
        "hotspots_2023": 0.05386118426641747,
        "ch4_2024": 1965.9232679668564,
        "no2_2024": 9.390325323584526e-05,
        "co_2024": 0.056577356510930446,
        "isi_2024": 786.383484392009,
        "hotspots_2024": 0.4421884291903832,
        "ch4_2025": 1955.4684853462159,
        "no2_2025": 9.010540000464314e-05,
        "co_2025": 0.052932828638543275,
        "isi_2025": 782.2006588825358,
        "hotspots_2025": 0.1460368702744032
      },
      "geometry": {
        "type": "Polygon",
        "coordinates": [
          [
            [
              3.353350238722612,
              6.658239752562565
            ],
            [
              3.3540483824269813,
              6.657300231720342
            ],
            [
              3.3520796081874096,
              6.655970486049114
            ],
            [
              3.351940694407574,
              6.654193449967806
            ],
            [
              3.352456121952514,
              6.653463436088771
            ],
            [
              3.3527033635694465,
              6.652300889674393
            ],
            [
              3.354374354293043,
              6.652268651676991
            ],
            [
              3.355402057259198,
              6.65195624068798
            ],
            [
              3.3580871271192905,
              6.651354560964251
            ],
            [
              3.3603817734001495,
              6.6505654031708445
            ],
            [
              3.3636856289886623,
              6.649428232027333
            ],
            [
              3.364113483250719,
              6.64889788203169
            ],
            [
              3.3645914378446378,
              6.648357876015211
            ],
            [
              3.3677609922760325,
              6.644724577177556
            ],
            [
              3.3705545572470896,
              6.641725955088816
            ],
            [
              3.3726700810594252,
              6.64110208369425
            ],
            [
              3.3719690127597914,
              6.640446020167758
            ],
            [
              3.3703595149796683,
              6.63915478796315
            ],
            [
              3.369018097007597,
              6.637844204146745
            ],
            [
              3.3675422681611735,
              6.6360263136634785
            ],
            [
              3.36646864761002,
              6.634303857437146
            ],
            [
              3.3659029623518677,
              6.633232030134138
            ],
            [
              3.3651165519873416,
              6.631461488956575
            ],
            [
              3.3646078693577124,
              6.629776905879567
            ],
            [
              3.3645110537422056,
              6.629374845972393
            ],
            [
              3.364319758050442,
              6.628580414554563
            ],
            [
              3.364002420575275,
              6.62669464414256
            ],
            [
              3.3640063578072272,
              6.626188356407567
            ],
            [
              3.3639360461116894,
              6.6243100629590685
            ],
            [
              3.3640553645634554,
              6.622512049291686
            ],
            [
              3.3641410816456414,
              6.621897359075888
            ],
            [
              3.364306937315348,
              6.6208920069606165
            ],
            [
              3.3647538140373285,
              6.619260332798149
            ],
            [
              3.365109150566866,
              6.618139958292488
            ],
            [
              3.3657346659221616,
              6.616624152782492
            ],
            [
              3.365585224678398,
              6.616509380403613
            ],
            [
              3.365011029135758,
              6.6168544520713795
            ],
            [
              3.3631071607669014,
              6.6157116799500955
            ],
            [
              3.3632758169254657,
              6.615104705917474
            ],
            [
              3.3586541919374326,
              6.611874314148338
            ],
            [
              3.3591259016391177,
              6.611313633617328
            ],
            [
              3.3586415888382817,
              6.610784242299019
            ],
            [
              3.365669091855125,
              6.6055609178021655
            ],
            [
              3.366563910995751,
              6.605027889625433
            ],
            [
              3.369491963283508,
              6.607523428263676
            ],
            [
              3.3713363181166187,
              6.604959685041479
            ],
            [
              3.375276390992724,
              6.599512394281646
            ],
            [
              3.376588722191798,
              6.600510875576504
            ],
            [
              3.3769850534175134,
              6.600488342163317
            ],
            [
              3.377472857386522,
              6.599879091047285
            ],
            [
              3.377823040800763,
              6.599591617359295
            ],
            [
              3.3783442869593046,
              6.599528036189952
            ],
            [
              3.3793590702649112,
              6.598177326422501
            ],
            [
              3.383009806057771,
              6.593480401199599
            ],
            [
              3.3828837139122925,
              6.593305735771139
            ],
            [
              3.379091959926086,
              6.588053234569145
            ],
            [
              3.375120554669934,
              6.582580119776765
            ],
            [
              3.3741647659912246,
              6.581264111249766
            ],
            [
              3.373219220590613,
              6.579962197797215
            ],
            [
              3.373142553386174,
              6.579855030085639
            ],
            [
              3.3731746636798334,
              6.579831245715468
            ],
            [
              3.3727928457133203,
              6.579364220582363
            ],
            [
              3.3717961990354297,
              6.578005506848683
            ],
            [
              3.369208718207801,
              6.574398163344597
            ],
            [
              3.368547410734493,
              6.573383844988484
            ],
            [
              3.3681544123962794,
              6.572713978667252
            ],
            [
              3.3677343228807217,
              6.5717382601126815
            ],
            [
              3.3676269807006634,
              6.57148894106183
            ],
            [
              3.3670423800018625,
              6.569757657989555
            ],
            [
              3.3667500967396222,
              6.568042274931088
            ],
            [
              3.3667336697231462,
              6.566525821909181
            ],
            [
              3.366747775589431,
              6.564871485730521
            ],
            [
              3.3667505410047056,
              6.563504256316435
            ],
            [
              3.3668166942351263,
              6.559713044621333
            ],
            [
              3.366861745773008,
              6.558483755021314
            ],
            [
              3.366291145719856,
              6.558424564342204
            ],
            [
              3.3640701683036696,
              6.558378312209413
            ],
            [
              3.35997286155839,
              6.558314254399363
            ],
            [
              3.358259254660936,
              6.558267611960787
            ],
            [
              3.3572539358205518,
              6.558057709295895
            ],
            [
              3.35604736039744,
              6.557532015989807
            ],
            [
              3.353988538840042,
              6.556652695765365
            ],
            [
              3.352117000199428,
              6.555618818054086
            ],
            [
              3.351942905840474,
              6.555511392237008
            ],
            [
              3.3518134502305656,
              6.555701927102291
            ],
            [
              3.351474733172438,
              6.556547572212708
            ],
            [
              3.3510174288113603,
              6.557602989586371
            ],
            [
              3.349631696745462,
              6.560986651912515
            ],
            [
              3.348504286843422,
              6.56379172280981
            ],
            [
              3.3481028016030336,
              6.564636876890404
            ],
            [
              3.347653664884774,
              6.565793208989476
            ],
            [
              3.3466056120594203,
              6.568387280948286
            ],
            [
              3.345226077221753,
              6.571762014805188
            ],
            [
              3.3443177781430222,
              6.574031668027089
            ],
            [
              3.344267789327091,
              6.574156576664734
            ],
            [
              3.344189639140609,
              6.574351857252452
            ],
            [
              3.3441052008943757,
              6.574562850794962
            ],
            [
              3.3440420172253766,
              6.574720733075424
            ],
            [
              3.3438678626118303,
              6.575143834420487
            ],
            [
              3.34366246734902,
              6.575642835848271
            ],
            [
              3.343344324081329,
              6.576415750986143
            ],
            [
              3.3428885512656734,
              6.57738162466228
            ],
            [
              3.342598680884464,
              6.577995915579095
            ],
            [
              3.3396453963180193,
              6.585216474260903
            ],
            [
              3.338020591177383,
              6.589209794196677
            ],
            [
              3.337599370314763,
              6.59028770091669
            ],
            [
              3.335492380169285,
              6.589428067751157
            ],
            [
              3.334745609222523,
              6.589390273742197
            ],
            [
              3.3341824366701758,
              6.589321696838908
            ],
            [
              3.334093941582182,
              6.589122648091802
            ],
            [
              3.333928520285042,
              6.588708698247899
            ],
            [
              3.333837337123441,
              6.588359319726862
            ],
            [
              3.3337580304088306,
              6.587873508655548
            ],
            [
              3.3335947548940794,
              6.587090970771726
            ],
            [
              3.333575460838915,
              6.58687078885589
            ],
            [
              3.33368528874513,
              6.586468621929384
            ],
            [
              3.333792824279442,
              6.586217240733106
            ],
            [
              3.3338715770117346,
              6.585874929984072
            ],
            [
              3.3338853384376534,
              6.584977388595632
            ],
            [
              3.3339130798248107,
              6.583512598927371
            ],
            [
              3.333967971744528,
              6.583280401169645
            ],
            [
              3.3339478979771684,
              6.583068895912845
            ],
            [
              3.333924585751106,
              6.582823288364125
            ],
            [
              3.3329811933274414,
              6.58287044881223
            ],
            [
              3.3317021487352463,
              6.58284066326604
            ],
            [
              3.3315258276548434,
              6.5825880347100565
            ],
            [
              3.3310050437478367,
              6.582611356828693
            ],
            [
              3.330958279001436,
              6.581385957695829
            ],
            [
              3.3304910767018896,
              6.581363290283662
            ],
            [
              3.330452235882035,
              6.5805361514222795
            ],
            [
              3.3283920005903838,
              6.580506872194462
            ],
            [
              3.3271436030948394,
              6.580484713798569
            ],
            [
              3.3264008853926157,
              6.580768580305801
            ],
            [
              3.3246550872624994,
              6.581397751405177
            ],
            [
              3.3229706139027826,
              6.5821187819562965
            ],
            [
              3.3213549971354723,
              6.582732538675771
            ],
            [
              3.320803540950692,
              6.5827022576031595
            ],
            [
              3.3201064161781915,
              6.582434641845282
            ],
            [
              3.317540011862093,
              6.581341049150126
            ],
            [
              3.3158852592973176,
              6.580629814914062
            ],
            [
              3.315655504098288,
              6.580645277857343
            ],
            [
              3.315341623617087,
              6.580852267618127
            ],
            [
              3.315234579112598,
              6.581135716839924
            ],
            [
              3.3151912443804576,
              6.585286894774413
            ],
            [
              3.3151771493060664,
              6.587224618121695
            ],
            [
              3.315131509611547,
              6.587722478309786
            ],
            [
              3.31505501687559,
              6.5878757048000125
            ],
            [
              3.314825380387049,
              6.588082642400082
            ],
            [
              3.313691873980872,
              6.588106332341397
            ],
            [
              3.3122290637203378,
              6.588176179087441
            ],
            [
              3.3087923377962056,
              6.5881477254372385
            ],
            [
              3.3087914537626375,
              6.588373410304712
            ],
            [
              3.30876177523578,
              6.589920537402918
            ],
            [
              3.308735272215074,
              6.590410726373989
            ],
            [
              3.3086653616172157,
              6.591923412135827
            ],
            [
              3.3087003497414003,
              6.5927677901015045
            ],
            [
              3.3087523971054793,
              6.593330691058611
            ],
            [
              3.309298029280683,
              6.59321546901873
            ],
            [
              3.309723824095272,
              6.594375535102927
            ],
            [
              3.3098734847735614,
              6.594875189438483
            ],
            [
              3.309941485211425,
              6.594916792076333
            ],
            [
              3.309897517356603,
              6.595032183188778
            ],
            [
              3.3098515988722284,
              6.595089652565434
            ],
            [
              3.309794655598921,
              6.5958938776004175
            ],
            [
              3.309795273433167,
              6.596887626662692
            ],
            [
              3.309870358730109,
              6.597548164316379
            ],
            [
              3.309980126381788,
              6.598553332969971
            ],
            [
              3.3099521286878257,
              6.599719425411195
            ],
            [
              3.309912279727996,
              6.600299615834672
            ],
            [
              3.309860772856439,
              6.600609835175817
            ],
            [
              3.3102743728640576,
              6.600621065909536
            ],
            [
              3.311136018712318,
              6.600614785044343
            ],
            [
              3.3121183373913823,
              6.60067161320444
            ],
            [
              3.312589369004229,
              6.60066557335756
            ],
            [
              3.312831244366464,
              6.6016419367260255
            ],
            [
              3.3144280563097936,
              6.601457117951668
            ],
            [
              3.3151575359915455,
              6.601376238322814
            ],
            [
              3.315565406418443,
              6.601410444936107
            ],
            [
              3.3157036052372177,
              6.601938825416482
            ],
            [
              3.3158246548839543,
              6.602599331593922
            ],
            [
              3.315928699250094,
              6.6036159908853165
            ],
            [
              3.3159749558795397,
              6.6040927313944735
            ],
            [
              3.31603845431124,
              6.604580948152261
            ],
            [
              3.3158379099916147,
              6.605385264018764
            ],
            [
              3.316426249172082,
              6.605524147221672
            ],
            [
              3.3169893461814013,
              6.605753557081016
            ],
            [
              3.317908806746061,
              6.606315903156428
            ],
            [
              3.3193110152911913,
              6.607211101810947
            ],
            [
              3.3200236093021545,
              6.607658691695292
            ],
            [
              3.3205177840684996,
              6.607899630863301
            ],
            [
              3.3211497727438655,
              6.608060060923094
            ],
            [
              3.3218966444146645,
              6.608208928399392
            ],
            [
              3.3233212739576743,
              6.608230981574593
            ],
            [
              3.325285887034113,
              6.6082641683567545
            ],
            [
              3.3259982085505158,
              6.608286679286891
            ],
            [
              3.3265726127359585,
              6.608228860073893
            ],
            [
              3.327261813581856,
              6.608033104644107
            ],
            [
              3.3280312852156726,
              6.607607528364781
            ],
            [
              3.3287775876156047,
              6.60689475538868
            ],
            [
              3.3292939297710973,
              6.605906411251908
            ],
            [
              3.329569143900926,
              6.605125018205058
            ],
            [
              3.3298559439966766,
              6.604492965677878
            ],
            [
              3.3301658656621953,
              6.604079178611244
            ],
            [
              3.3308318613014194,
              6.603550271128142
            ],
            [
              3.33200319679014,
              6.602779768871301
            ],
            [
              3.3325199427412144,
              6.602411795967669
            ],
            [
              3.333082450694576,
              6.601756581401162
            ],
            [
              3.3331078331599997,
              6.601838874764326
            ],
            [
              3.333128505875891,
              6.601905900337101
            ],
            [
              3.333066453554011,
              6.602054004288902
            ],
            [
              3.3330973983263448,
              6.602364449359925
            ],
            [
              3.3330305571145686,
              6.605491251819842
            ],
            [
              3.3329931390222214,
              6.6110985697432625
            ],
            [
              3.332994236195077,
              6.612737579675638
            ],
            [
              3.332995035692363,
              6.613932372181296
            ],
            [
              3.3332555144305047,
              6.614024103929296
            ],
            [
              3.3339448609665965,
              6.614038959830168
            ],
            [
              3.335599384204272,
              6.614206343448018
            ],
            [
              3.335731116897591,
              6.6141958159841465
            ],
            [
              3.3357022198815685,
              6.614476097793727
            ],
            [
              3.335476103339545,
              6.616669249286474
            ],
            [
              3.335476219352074,
              6.616841574678972
            ],
            [
              3.3355846092423462,
              6.616930816204274
            ],
            [
              3.336228170393781,
              6.617190785026764
            ],
            [
              3.3367644846932762,
              6.617427849016053
            ],
            [
              3.3368220062306477,
              6.617538864027381
            ],
            [
              3.3366386821295464,
              6.618278074373677
            ],
            [
              3.3359586750528365,
              6.620760025155107
            ],
            [
              3.3359665989793825,
              6.621150625001405
            ],
            [
              3.3359172369909516,
              6.621778689934615
            ],
            [
              3.335817855609605,
              6.62206213735783
            ],
            [
              3.33548919387124,
              6.623088655017455
            ],
            [
              3.3347553821552083,
              6.625306408364111
            ],
            [
              3.3346025126958807,
              6.625781363719
            ],
            [
              3.3349395947865332,
              6.625876872619642
            ],
            [
              3.335322634032366,
              6.62597235184262
            ],
            [
              3.336138522374938,
              6.626197738135147
            ],
            [
              3.3364143228627654,
              6.626285628878691
            ],
            [
              3.3365982423150626,
              6.626419535233424
            ],
            [
              3.3366787442287205,
              6.6265343651688795
            ],
            [
              3.3367874821566375,
              6.626729502764363
            ],
            [
              3.337052006944589,
              6.627131416981342
            ],
            [
              3.337293546859769,
              6.6275218576476504
            ],
            [
              3.337523944174734,
              6.628421623958843
            ],
            [
              3.3377735168343747,
              6.629359671711541
            ],
            [
              3.338233546141282,
              6.630029513751083
            ],
            [
              3.3387892156498538,
              6.630546112213381
            ],
            [
              3.33944067105017,
              6.631120085623479
            ],
            [
              3.3405135883314756,
              6.631961831273543
            ],
            [
              3.3415291153764315,
              6.632880202759225
            ],
            [
              3.3418416306867584,
              6.6333123881562415
            ],
            [
              3.3418358939114228,
              6.633454409993078
            ],
            [
              3.3424493889282303,
              6.634507088031739
            ],
            [
              3.342698630637358,
              6.634947302575995
            ],
            [
              3.343024535054269,
              6.635483202288015
            ],
            [
              3.3431971680149672,
              6.6359043224265974
            ],
            [
              3.343211609328364,
              6.636364405692802
            ],
            [
              3.343273320807157,
              6.6369923941837214
            ],
            [
              3.3433198634210157,
              6.637834842204256
            ],
            [
              3.343351116660756,
              6.638723253675266
            ],
            [
              3.3433669986881114,
              6.639535086974718
            ],
            [
              3.343291027558905,
              6.640438892141219
            ],
            [
              3.343285906819176,
              6.640567836936157
            ],
            [
              3.3432308008607947,
              6.641955398223104
            ],
            [
              3.3432471397437666,
              6.643425896787733
            ],
            [
              3.34329358702945,
              6.644130485033884
            ],
            [
              3.3432481056156576,
              6.64481981808018
            ],
            [
              3.3430535336936487,
              6.645478099334866
            ],
            [
              3.3430035673607676,
              6.645647150295815
            ],
            [
              3.3430652266789025,
              6.646198548923962
            ],
            [
              3.342881711022187,
              6.646658210408134
            ],
            [
              3.342698035286162,
              6.64688810500212
            ],
            [
              3.3419940306999933,
              6.6478995680107005
            ],
            [
              3.3417188165701646,
              6.648680967352789
            ],
            [
              3.3411525278669387,
              6.649462566344425
            ],
            [
              3.3412446256390353,
              6.649722904788291
            ],
            [
              3.3415513583086067,
              6.650212864432206
            ],
            [
              3.3417357562002508,
              6.651024580819808
            ],
            [
              3.34170480063608,
              6.6510305550161775
            ],
            [
              3.34195714590561,
              6.651468868393636
            ],
            [
              3.3422332000022266,
              6.651899490768926
            ],
            [
              3.342468984256243,
              6.6522497227465465
            ],
            [
              3.34278512473378,
              6.652496503910584
            ],
            [
              3.343164432692447,
              6.652703031419833
            ],
            [
              3.343813725223299,
              6.652869161382739
            ],
            [
              3.3443423656077584,
              6.653023887042821
            ],
            [
              3.3448594892740857,
              6.653138410309452
            ],
            [
              3.3452387459714146,
              6.65327026081394
            ],
            [
              3.345767448409049,
              6.653511147821291
            ],
            [
              3.3463765790159528,
              6.653751977272009
            ],
            [
              3.34692254124235,
              6.654027314608925
            ],
            [
              3.3471429183110786,
              6.654338111314814
            ],
            [
              3.3473346582679255,
              6.65468262720151
            ],
            [
              3.3478409783784855,
              6.655769835609476
            ],
            [
              3.3480326535841414,
              6.656022445279689
            ],
            [
              3.348354528138998,
              6.656244326014871
            ],
            [
              3.3487224111104297,
              6.656535104711338
            ],
            [
              3.3490136673469237,
              6.656787643335122
            ],
            [
              3.34958074205764,
              6.657124234395951
            ],
            [
              3.3500865432594082,
              6.657468527250785
            ],
            [
              3.350400639577913,
              6.657521916403368
            ],
            [
              3.350668836297814,
              6.657659586420834
            ],
            [
              3.350860394591564,
              6.657743698213153
            ],
            [
              3.351113201213309,
              6.65778181328011
            ],
            [
              3.351511677322094,
              6.658003638257355
            ],
            [
              3.3523083030857492,
              6.657987752632721
            ],
            [
              3.352660497384079,
              6.657757734831648
            ],
            [
              3.3531893356193905,
              6.658178596864786
            ],
            [
              3.3531127754342833,
              6.658232263907905
            ],
            [
              3.3531970733862977,
              6.658285815837758
            ],
            [
              3.353350238722612,
              6.658239752562565
            ]
          ]
        ]
      }
    },
    {
      "type": "Feature",
      "properties": {
        "lganame": "Ojo",
        "lga_match": "ojo",
        "ch4_2020": 1913.695017158511,
        "no2_2020": 3.8250637341863437e-05,
        "co_2020": 0.05593642084436633,
        "isi_2020": 765.492265457419,
        "hotspots_2020": 0.0,
        "ch4_2021": 1912.1500325685,
        "no2_2021": 4.278863652923363e-05,
        "co_2021": 0.05297907596406768,
        "isi_2021": 764.8733836645648,
        "hotspots_2021": 0.0003617072582589824,
        "ch4_2022": 1940.7008129510784,
        "no2_2022": 4.4263271474182137e-05,
        "co_2022": 0.0522254226194989,
        "isi_2022": 776.2935129334136,
        "hotspots_2022": 0.0,
        "ch4_2023": 1949.8565905275896,
        "no2_2023": 4.449451783589582e-05,
        "co_2023": 0.05062816219311561,
        "isi_2023": 779.9553088246649,
        "hotspots_2023": 0.09512131602934155,
        "ch4_2024": 1953.1292866916356,
        "no2_2024": 4.037104030287025e-05,
        "co_2024": 0.054751462866405115,
        "isi_2024": 781.2654166722353,
        "hotspots_2024": 0.11367680888927473,
        "ch4_2025": 1941.0019946961834,
        "no2_2025": 3.2580824257527605e-05,
        "co_2025": 0.051474893356690615,
        "isi_2025": 776.4136780051003,
        "hotspots_2025": 0.2714961586874431
      },
      "geometry": {
        "type": "Polygon",
        "coordinates": [
          [
            [
              3.2372070961306463,
              6.481482876033965
            ],
            [
              3.236486892056462,
              6.480594764936484
            ],
            [
              3.2356749157647755,
              6.47995178384781
            ],
            [
              3.234357445839521,
              6.479063946144265
            ],
            [
              3.2337389658806046,
              6.4786519460305385
            ],
            [
              3.2336680759210026,
              6.478604721730562
            ],
            [
              3.2340044052791086,
              6.477317850338579
            ],
            [
              3.23443233598357,
              6.475418212380646
            ],
            [
              3.234707346866628,
              6.474008822748999
            ],
            [
              3.2348144282433395,
              6.473748367393284
            ],
            [
              3.235288927641932,
              6.473212015322304
            ],
            [
              3.2360084788082872,
              6.472721502595334
            ],
            [
              3.236804466053286,
              6.471939910798312
            ],
            [
              3.2377533218583494,
              6.470576159961865
            ],
            [
              3.23776795562668,
              6.469120937281502
            ],
            [
              3.2377975109463932,
              6.466823212621193
            ],
            [
              3.2377803572776997,
              6.462886478028565
            ],
            [
              3.2378706537077733,
              6.4594858239116775
            ],
            [
              3.2378700493633232,
              6.458191605957893
            ],
            [
              3.2378700322761915,
              6.458153151846545
            ],
            [
              3.235680442098783,
              6.458828164987892
            ],
            [
              3.2337511076275405,
              6.459334550748963
            ],
            [
              3.2320820252652993,
              6.459656993675367
            ],
            [
              3.2311632310982645,
              6.45976463892697
            ],
            [
              3.23089219701734,
              6.459317772097563
            ],
            [
              3.230856720561235,
              6.459259281091022
            ],
            [
              3.230841324167841,
              6.459075471355959
            ],
            [
              3.230859656847713,
              6.458996957843397
            ],
            [
              3.2310076735653297,
              6.458363059008036
            ],
            [
              3.2310094524243596,
              6.458355445347593
            ],
            [
              3.231014374413917,
              6.4583255446881935
            ],
            [
              3.231284346395512,
              6.45668564982293
            ],
            [
              3.231437109734884,
              6.455858403942216
            ],
            [
              3.2313296209653117,
              6.455215092802348
            ],
            [
              3.231298359631637,
              6.453821161617384
            ],
            [
              3.23120583108431,
              6.4523966220065745
            ],
            [
              3.2312349853064006,
              6.452189314785073
            ],
            [
              3.231085393875901,
              6.451569001108567
            ],
            [
              3.230751892885621,
              6.451011924161037
            ],
            [
              3.2303231527913,
              6.450321317674707
            ],
            [
              3.230320580730279,
              6.450291461082088
            ],
            [
              3.2301153293590232,
              6.447908813441018
            ],
            [
              3.230187357860302,
              6.446331017662374
            ],
            [
              3.230188395677942,
              6.445127448672849
            ],
            [
              3.230239610269848,
              6.443347795564364
            ],
            [
              3.230185420720659,
              6.442034295246572
            ],
            [
              3.230180985264326,
              6.442034421151675
            ],
            [
              3.2285490341106993,
              6.442081047402439
            ],
            [
              3.227325656653761,
              6.442115995956499
            ],
            [
              3.2273162299600813,
              6.442081075281465
            ],
            [
              3.227081195740652,
              6.441210422722861
            ],
            [
              3.227077613740903,
              6.441204526767535
            ],
            [
              3.2268858063349626,
              6.440888828756499
            ],
            [
              3.2264377443065086,
              6.440567348104707
            ],
            [
              3.226148187788681,
              6.440487056632378
            ],
            [
              3.22550500075522,
              6.44044138726025
            ],
            [
              3.224597597401271,
              6.44025796962967
            ],
            [
              3.2239887410875667,
              6.439925067587865
            ],
            [
              3.223598077389397,
              6.439534627820876
            ],
            [
              3.2229547527596765,
              6.439171103863373
            ],
            [
              3.2223458568758474,
              6.438742462694563
            ],
            [
              3.2215811372597045,
              6.438051170025517
            ],
            [
              3.2210067402688765,
              6.4377182499972605
            ],
            [
              3.2197661030232894,
              6.437132866888362
            ],
            [
              3.2181348749246013,
              6.436306389028687
            ],
            [
              3.2162164501291386,
              6.4352962093526
            ],
            [
              3.21582589704758,
              6.435147022617059
            ],
            [
              3.214057184191745,
              6.4350903239593436
            ],
            [
              3.2116223174160723,
              6.434976451801845
            ],
            [
              3.207487649235645,
              6.434805818034135
            ],
            [
              3.2025145736886884,
              6.434623995800791
            ],
            [
              3.2009870338246174,
              6.434532690331423
            ],
            [
              3.200963816027354,
              6.433900825762521
            ],
            [
              3.20076835017926,
              6.433337961677637
            ],
            [
              3.2004924903362166,
              6.432775129069
            ],
            [
              3.199860611378142,
              6.432246900574057
            ],
            [
              3.199435570195476,
              6.431994317883493
            ],
            [
              3.199653098211968,
              6.430236477831215
            ],
            [
              3.199709801366282,
              6.428386791817047
            ],
            [
              3.199651735739053,
              6.426743945376813
            ],
            [
              3.1994214670271504,
              6.4252734953755635
            ],
            [
              3.1992027779858745,
              6.4240443002043435
            ],
            [
              3.1991904671663747,
              6.421918914426385
            ],
            [
              3.1992473142122435,
              6.420436862271401
            ],
            [
              3.1992507936892025,
              6.4195417067844005
            ],
            [
              3.1993271497282194,
              6.419005542671698
            ],
            [
              3.200015826269407,
              6.417971299835642
            ],
            [
              3.2003983591969813,
              6.417235881031161
            ],
            [
              3.200845817780305,
              6.4164432221770085
            ],
            [
              3.200845948182007,
              6.416442991950589
            ],
            [
              3.2012670854077214,
              6.416032771595155
            ],
            [
              3.201270715071473,
              6.4160292363602025
            ],
            [
              3.2016609605848885,
              6.415443164370572
            ],
            [
              3.2018214958653743,
              6.414811226956601
            ],
            [
              3.20176380165816,
              6.414121934379807
            ],
            [
              3.2016418409982066,
              6.4138204762340365
            ],
            [
              3.2015453842121815,
              6.413582056067071
            ],
            [
              3.2015424083555217,
              6.413552005220936
            ],
            [
              3.2015434830453273,
              6.413509166015274
            ],
            [
              3.2015980952759264,
              6.411334098090208
            ],
            [
              3.2016199452043566,
              6.408484916345856
            ],
            [
              3.2016654050344755,
              6.407267105692426
            ],
            [
              3.2016755538837742,
              6.403866474957908
            ],
            [
              3.201732267829925,
              6.402062740702945
            ],
            [
              3.181216714779623,
              6.402429807989279
            ],
            [
              3.1706892518075733,
              6.401835047649399
            ],
            [
              3.1626738776973298,
              6.400880262614066
            ],
            [
              3.124273141991978,
              6.400053273040157
            ],
            [
              3.1103961153884825,
              6.3990990536784125
            ],
            [
              3.0728329335930766,
              6.398387708825737
            ],
            [
              3.0369445331637053,
              6.396596437375706
            ],
            [
              3.0207709537165783,
              6.397046120881839
            ],
            [
              3.0229723151202847,
              6.40192871473846
            ],
            [
              3.0239294671712287,
              6.404609361732696
            ],
            [
              3.0281405210682237,
              6.406619666664312
            ],
            [
              3.0305332249284334,
              6.408534308911271
            ],
            [
              3.031011819839648,
              6.4097788860867695
            ],
            [
              3.04766473434006,
              6.41389438162048
            ],
            [
              3.0614464409005677,
              6.415520477288226
            ],
            [
              3.062168225982873,
              6.415499753310996
            ],
            [
              3.0675710218852146,
              6.411307195770519
            ],
            [
              3.068432170408414,
              6.409870998248039
            ],
            [
              3.0755144619229213,
              6.411114609551646
            ],
            [
              3.082213752862458,
              6.411017840700822
            ],
            [
              3.0890086129571728,
              6.410155058109467
            ],
            [
              3.0942720607071124,
              6.40862229588231
            ],
            [
              3.1006842952440934,
              6.40900403290982
            ],
            [
              3.1062959353092197,
              6.410761619353309
            ],
            [
              3.1074660702030314,
              6.416515917975289
            ],
            [
              3.109044332729809,
              6.424280072767203
            ],
            [
              3.1089236473085293,
              6.427070461332789
            ],
            [
              3.1063772151364333,
              6.429254759000003
            ],
            [
              3.105407519341611,
              6.431924000792037
            ],
            [
              3.106125099194003,
              6.434674156387246
            ],
            [
              3.105257295687693,
              6.434905835236179
            ],
            [
              3.1040740396852584,
              6.434957277356489
            ],
            [
              3.102012630778347,
              6.436898813829259
            ],
            [
              3.0998300409236776,
              6.439446966404432
            ],
            [
              3.098415917260809,
              6.443289854942918
            ],
            [
              3.0980464919521182,
              6.4453716676683825
            ],
            [
              3.0977597997749626,
              6.447669450784588
            ],
            [
              3.096440125611366,
              6.453701237921848
            ],
            [
              3.0943158010334173,
              6.4563440216593335
            ],
            [
              3.095005072925801,
              6.457090655009779
            ],
            [
              3.0939715432521666,
              6.458009938407997
            ],
            [
              3.0934552613512665,
              6.4611119654449
            ],
            [
              3.092193015195562,
              6.467603272872793
            ],
            [
              3.099428917210787,
              6.46685514934569
            ],
            [
              3.1030420928183844,
              6.467352774810763
            ],
            [
              3.111759945365236,
              6.470779018237124
            ],
            [
              3.1150535801586443,
              6.475297141150179
            ],
            [
              3.1155136634248493,
              6.4781308968234725
            ],
            [
              3.1154665704259514,
              6.480837732975033
            ],
            [
              3.112692063887664,
              6.486678404284987
            ],
            [
              3.112118631869407,
              6.490651678332313
            ],
            [
              3.1073814332066263,
              6.4949130663849814
            ],
            [
              3.102643998921451,
              6.498408501850918
            ],
            [
              3.1030149036149623,
              6.499618730320208
            ],
            [
              3.108609416991044,
              6.503293344012661
            ],
            [
              3.1158759661029762,
              6.5048558791955315
            ],
            [
              3.1196940612319963,
              6.505046322329974
            ],
            [
              3.1254986868149786,
              6.505244049972987
            ],
            [
              3.1263104076991794,
              6.505243847625536
            ],
            [
              3.128084388783577,
              6.5057042186747935
            ],
            [
              3.131027902215976,
              6.506468098324149
            ],
            [
              3.136710290147846,
              6.507661407847763
            ],
            [
              3.142315841802713,
              6.507843677943413
            ],
            [
              3.145516236685012,
              6.505897365171336
            ],
            [
              3.150999203550441,
              6.505941710741411
            ],
            [
              3.1513184772659883,
              6.506097758404849
            ],
            [
              3.1551962837814926,
              6.507993067925781
            ],
            [
              3.160445337882095,
              6.508068376254585
            ],
            [
              3.163365843059239,
              6.511083193334741
            ],
            [
              3.168104721655652,
              6.512876729277707
            ],
            [
              3.1753239844143764,
              6.514787462171682
            ],
            [
              3.177898143584514,
              6.517942088756456
            ],
            [
              3.1795532909516737,
              6.520851939665306
            ],
            [
              3.1801202757301894,
              6.521678914850099
            ],
            [
              3.1844107019923626,
              6.5270233762278735
            ],
            [
              3.1856211660839904,
              6.528355604927299
            ],
            [
              3.1867242987873965,
              6.529350872045143
            ],
            [
              3.1887005760708007,
              6.530652173059366
            ],
            [
              3.190538836198357,
              6.531478657214279
            ],
            [
              3.1943063687439803,
              6.530787904138492
            ],
            [
              3.196220754684134,
              6.530419528338598
            ],
            [
              3.1996497743176633,
              6.531850140171855
            ],
            [
              3.2001853988371067,
              6.530731709101133
            ],
            [
              3.2002615048646135,
              6.529536868931416
            ],
            [
              3.203169315211767,
              6.523913973850881
            ],
            [
              3.2046239884064107,
              6.5230555736558244
            ],
            [
              3.2047924386201885,
              6.522994233597046
            ],
            [
              3.205910636766532,
              6.52331545794209
            ],
            [
              3.2061863248390523,
              6.52331534462752
            ],
            [
              3.206767804890319,
              6.522028388699255
            ],
            [
              3.207012226233303,
              6.520481165373553
            ],
            [
              3.2073328588244294,
              6.518045460429676
            ],
            [
              3.2075466771374863,
              6.516574837758583
            ],
            [
              3.2081430697469386,
              6.5143381536829
            ],
            [
              3.2084489228795405,
              6.513219808947099
            ],
            [
              3.2085984153845857,
              6.513042798086701
            ],
            [
              3.2085329870078,
              6.512959980418827
            ],
            [
              3.2096964894014945,
              6.5117800069418195
            ],
            [
              3.210615101905489,
              6.510998404352904
            ],
            [
              3.210829404953131,
              6.510722588576641
            ],
            [
              3.2122683705889017,
              6.509052317310648
            ],
            [
              3.213355212972772,
              6.507719188389899
            ],
            [
              3.214227717235417,
              6.506585280886043
            ],
            [
              3.2143192196563177,
              6.5056661593658305
            ],
            [
              3.214578880910665,
              6.504011697282067
            ],
            [
              3.213245782566844,
              6.502449817704985
            ],
            [
              3.213275923345236,
              6.501285630927157
            ],
            [
              3.2140107279128074,
              6.500504100284047
            ],
            [
              3.2146995852177156,
              6.499722585828749
            ],
            [
              3.2151893281250636,
              6.498910519604863
            ],
            [
              3.215709609311091,
              6.497883987556008
            ],
            [
              3.21606171457654,
              6.497546839814845
            ],
            [
              3.216720203574596,
              6.497393377702281
            ],
            [
              3.216949950679748,
              6.497439234133424
            ],
            [
              3.2165978463136184,
              6.497776381874587
            ],
            [
              3.216184577256456,
              6.498343327082921
            ],
            [
              3.216261329896497,
              6.498756883023759
            ],
            [
              3.216273708165147,
              6.498772161606041
            ],
            [
              3.2165218257217134,
              6.499078450909849
            ],
            [
              3.21667514304346,
              6.49946133727093
            ],
            [
              3.2167978087719007,
              6.499798281765322
            ],
            [
              3.217104179914031,
              6.4999513310891075
            ],
            [
              3.217379861691313,
              6.499966531430346
            ],
            [
              3.217396437995262,
              6.499950424572489
            ],
            [
              3.2179003641105624,
              6.499460811167523
            ],
            [
              3.217917578933168,
              6.499458507104464
            ],
            [
              3.2181300788400904,
              6.499430075937312
            ],
            [
              3.2188344620408316,
              6.499154046122385
            ],
            [
              3.219247987404742,
              6.499184504361438
            ],
            [
              3.2198299458953556,
              6.4991382971946905
            ],
            [
              3.2202434505748556,
              6.499122799177883
            ],
            [
              3.220457930788939,
              6.4992758862731534
            ],
            [
              3.2213157329347837,
              6.499612508810287
            ],
            [
              3.221913087818791,
              6.4997501095799635
            ],
            [
              3.2221888568303143,
              6.499964442305213
            ],
            [
              3.2222057613868174,
              6.500095019369724
            ],
            [
              3.2223117959526917,
              6.500914108399456
            ],
            [
              3.2223357188184423,
              6.50096191006412
            ],
            [
              3.222526399373862,
              6.50134292043947
            ],
            [
              3.2229858594099596,
              6.501342717192699
            ],
            [
              3.223276828762664,
              6.501296635031736
            ],
            [
              3.223300783104719,
              6.501282360092887
            ],
            [
              3.2239199033808745,
              6.500913398834314
            ],
            [
              3.2245016460341844,
              6.500377008991848
            ],
            [
              3.225282533662039,
              6.499947756283973
            ],
            [
              3.2278690773960648,
              6.498213742870007
            ],
            [
              3.229027530995779,
              6.497423382682996
            ],
            [
              3.2316015471737387,
              6.495564896802591
            ],
            [
              3.233314326694881,
              6.4942620759341025
            ],
            [
              3.2340789311977574,
              6.491772539371254
            ],
            [
              3.2351020260377368,
              6.4894073412758075
            ],
            [
              3.2355610687883427,
              6.4885359126023445
            ],
            [
              3.237349744794926,
              6.485854419346026
            ],
            [
              3.237373666761357,
              6.4858491313323725
            ],
            [
              3.2392160448845857,
              6.485441868847204
            ],
            [
              3.2405176129975075,
              6.485039155132938
            ],
            [
              3.240823887012823,
              6.4849911412282495
            ],
            [
              3.240832406290565,
              6.484979272875194
            ],
            [
              3.2410438908628976,
              6.484684674758
            ],
            [
              3.241031403776333,
              6.484498657187316
            ],
            [
              3.241024611196906,
              6.484397470866611
            ],
            [
              3.24050736971941,
              6.483622239974466
            ],
            [
              3.2399230424145458,
              6.48266513828554
            ],
            [
              3.238860299163548,
              6.4820624908912805
            ],
            [
              3.2385731258491433,
              6.48201475667571
            ],
            [
              3.2378839690699692,
              6.482024653714859
            ],
            [
              3.237472291812878,
              6.481823798229755
            ],
            [
              3.2372070961306463,
              6.481482876033965
            ]
          ]
        ]
      }
    },
    {
      "type": "Feature",
      "properties": {
        "lganame": "Badagry",
        "lga_match": "badagry",
        "ch4_2020": 1893.9719398928787,
        "no2_2020": 2.4870409719259623e-05,
        "co_2020": 0.054328343016533,
        "isi_2020": 757.6023199413277,
        "hotspots_2020": 0.0,
        "ch4_2021": 1904.3651538228562,
        "no2_2021": 2.7071303722595463e-05,
        "co_2021": 0.05192171291132226,
        "isi_2021": 761.7590943101054,
        "hotspots_2021": 0.0,
        "ch4_2022": 1929.9312995505716,
        "no2_2022": 2.7249424195500384e-05,
        "co_2022": 0.0509534625302179,
        "isi_2022": 771.9852201741913,
        "hotspots_2022": 0.0,
        "ch4_2023": 1934.3383252568153,
        "no2_2023": 2.844106705851281e-05,
        "co_2023": 0.04985662395674639,
        "isi_2023": 773.7478042130895,
        "hotspots_2023": 0.0,
        "ch4_2024": 1943.8439661846958,
        "no2_2024": 2.6150346639415426e-05,
        "co_2024": 0.053396774638231975,
        "isi_2024": 777.5509448201593,
        "hotspots_2024": 0.0034427485135380565,
        "ch4_2025": 1933.1835228713717,
        "no2_2025": 2.4531101537157384e-05,
        "co_2025": 0.05105824699104092,
        "isi_2025": 773.2861822961812,
        "hotspots_2025": 0.0
      },
      "geometry": {
        "type": "Polygon",
        "coordinates": [
          [
            [
              3.1030149036149623,
              6.499618730320208
            ],
            [
              3.102643998921451,
              6.498408501850918
            ],
            [
              3.1073814332066263,
              6.4949130663849814
            ],
            [
              3.112118631869407,
              6.490651678332313
            ],
            [
              3.112692063887664,
              6.486678404284987
            ],
            [
              3.1154665704259514,
              6.480837732975033
            ],
            [
              3.1155136634248493,
              6.4781308968234725
            ],
            [
              3.1150535801586443,
              6.475297141150179
            ],
            [
              3.111759945365236,
              6.470779018237124
            ],
            [
              3.1030420928183844,
              6.467352774810763
            ],
            [
              3.099428917210787,
              6.46685514934569
            ],
            [
              3.092193015195562,
              6.467603272872793
            ],
            [
              3.0934552613512665,
              6.4611119654449
            ],
            [
              3.0939715432521666,
              6.458009938407997
            ],
            [
              3.095005072925801,
              6.457090655009779
            ],
            [
              3.0943158010334173,
              6.4563440216593335
            ],
            [
              3.096440125611366,
              6.453701237921848
            ],
            [
              3.0977597997749626,
              6.447669450784588
            ],
            [
              3.0980464919521182,
              6.4453716676683825
            ],
            [
              3.098415917260809,
              6.443289854942918
            ],
            [
              3.0998300409236776,
              6.439446966404432
            ],
            [
              3.102012630778347,
              6.436898813829259
            ],
            [
              3.1040740396852584,
              6.434957277356489
            ],
            [
              3.105257295687693,
              6.434905835236179
            ],
            [
              3.106125099194003,
              6.434674156387246
            ],
            [
              3.105407519341611,
              6.431924000792037
            ],
            [
              3.1063772151364333,
              6.429254759000003
            ],
            [
              3.1089236473085293,
              6.427070461332789
            ],
            [
              3.109044332729809,
              6.424280072767203
            ],
            [
              3.1074660702030314,
              6.416515917975289
            ],
            [
              3.1062959353092197,
              6.410761619353309
            ],
            [
              3.1006842952440934,
              6.40900403290982
            ],
            [
              3.0942720607071124,
              6.40862229588231
            ],
            [
              3.0890086129571728,
              6.410155058109467
            ],
            [
              3.082213752862458,
              6.411017840700822
            ],
            [
              3.0755144619229213,
              6.411114609551646
            ],
            [
              3.068432170408414,
              6.409870998248039
            ],
            [
              3.0675710218852146,
              6.411307195770519
            ],
            [
              3.062168225982873,
              6.415499753310996
            ],
            [
              3.0614464409005677,
              6.415520477288226
            ],
            [
              3.04766473434006,
              6.41389438162048
            ],
            [
              3.031011819839648,
              6.4097788860867695
            ],
            [
              3.0305332249284334,
              6.408534308911271
            ],
            [
              3.0281405210682237,
              6.406619666664312
            ],
            [
              3.0239294671712287,
              6.404609361732696
            ],
            [
              3.0229723151202847,
              6.40192871473846
            ],
            [
              3.0207709537165783,
              6.397046120881839
            ],
            [
              3.0069415084439015,
              6.396614781746848
            ],
            [
              2.999488262773184,
              6.395652080878904
            ],
            [
              2.992195814984939,
              6.394732927882387
            ],
            [
              2.984558836021506,
              6.3949338076491244
            ],
            [
              2.9729023893338535,
              6.395105654602332
            ],
            [
              2.9619637248461004,
              6.394903910587061
            ],
            [
              2.9540683733567903,
              6.394730935884013
            ],
            [
              2.9312576434255675,
              6.394588869980396
            ],
            [
              2.925151906835083,
              6.394530575026067
            ],
            [
              2.912939911148044,
              6.393723645729722
            ],
            [
              2.9070294821249263,
              6.393324337748027
            ],
            [
              2.9006137087557136,
              6.393200591933805
            ],
            [
              2.891819930045756,
              6.393004963308442
            ],
            [
              2.883282385273901,
              6.3927670278760615
            ],
            [
              2.8800951555670053,
              6.3926561828366175
            ],
            [
              2.8751570213794935,
              6.392540121729269
            ],
            [
              2.8654243648426245,
              6.392106842756618
            ],
            [
              2.8485142316465044,
              6.391527709935929
            ],
            [
              2.8440067306261767,
              6.39155508439967
            ],
            [
              2.841193421039577,
              6.390635132805187
            ],
            [
              2.833757463036534,
              6.390776391117583
            ],
            [
              2.8302837030305454,
              6.390286990852019
            ],
            [
              2.8245419391591895,
              6.389567025098188
            ],
            [
              2.819086948403992,
              6.3898236313555685
            ],
            [
              2.8099862796431125,
              6.388728931594983
            ],
            [
              2.799134377249743,
              6.387575950369865
            ],
            [
              2.7942829511972604,
              6.386224121845771
            ],
            [
              2.791679487618296,
              6.385746203224755
            ],
            [
              2.7849040753628174,
              6.3855423673863925
            ],
            [
              2.780195830373316,
              6.385195720106424
            ],
            [
              2.761478299084274,
              6.3826599017331205
            ],
            [
              2.7551626733187504,
              6.381680408723923
            ],
            [
              2.7485025469550237,
              6.380729393646675
            ],
            [
              2.7440813916429647,
              6.380554889196844
            ],
            [
              2.739919027940857,
              6.379576276623936
            ],
            [
              2.7340336558286253,
              6.379515829591924
            ],
            [
              2.7272876181291394,
              6.378306006716912
            ],
            [
              2.721288067190585,
              6.3770677778557
            ],
            [
              2.716149501997961,
              6.376404383955219
            ],
            [
              2.708771424361771,
              6.3761417774211395
            ],
            [
              2.7059585950132146,
              6.374991327787598
            ],
            [
              2.6998434407222476,
              6.3752462972788635
            ],
            [
              2.69986722059582,
              6.383719102554608
            ],
            [
              2.700151239088484,
              6.38900399284006
            ],
            [
              2.70155048616607,
              6.401986839720905
            ],
            [
              2.7015182535645863,
              6.408047017555873
            ],
            [
              2.7014873726441806,
              6.411780768867459
            ],
            [
              2.699844795101285,
              6.4221194740345595
            ],
            [
              2.6997284507074824,
              6.424675599099658
            ],
            [
              2.699554371636964,
              6.426241574189362
            ],
            [
              2.6991684149904245,
              6.431572015136453
            ],
            [
              2.6991971582223186,
              6.434773496399771
            ],
            [
              2.6993928785785215,
              6.440471910250494
            ],
            [
              2.6996199591937966,
              6.444929581634938
            ],
            [
              2.699417851852445,
              6.45007631267174
            ],
            [
              2.698830793306513,
              6.458776587969226
            ],
            [
              2.700560978306555,
              6.459267784180952
            ],
            [
              2.704643681860489,
              6.459847241656917
            ],
            [
              2.7141895582016105,
              6.4607767818230855
            ],
            [
              2.7229794041762148,
              6.4615169067798774
            ],
            [
              2.7298410173491447,
              6.4597896571669935
            ],
            [
              2.7318741992349374,
              6.457991724438557
            ],
            [
              2.7329052386858734,
              6.457079980956394
            ],
            [
              2.7345910628273487,
              6.454599339587901
            ],
            [
              2.7377314117752576,
              6.4526402564427485
            ],
            [
              2.743566009064125,
              6.452566634342759
            ],
            [
              2.7498912269985567,
              6.452614230962013
            ],
            [
              2.7592326910358906,
              6.452542138608862
            ],
            [
              2.766353496017075,
              6.452813519828112
            ],
            [
              2.769837213316805,
              6.453217204810187
            ],
            [
              2.773416477288663,
              6.454003859790362
            ],
            [
              2.7810709273814496,
              6.459808934135026
            ],
            [
              2.781732634153798,
              6.46023701412696
            ],
            [
              2.782314850749799,
              6.460613668186284
            ],
            [
              2.7831665563915067,
              6.460786231899135
            ],
            [
              2.788104945986504,
              6.461764839975444
            ],
            [
              2.793675320659588,
              6.462111785830302
            ],
            [
              2.7990166173231046,
              6.460878900740738
            ],
            [
              2.804066368168378,
              6.459226035852907
            ],
            [
              2.805765242372104,
              6.458669967944729
            ],
            [
              2.8130791174073693,
              6.455998416693603
            ],
            [
              2.818306921427336,
              6.454585547584998
            ],
            [
              2.8236761069667864,
              6.451477047227968
            ],
            [
              2.8284800029498456,
              6.446814532764506
            ],
            [
              2.8314117856254484,
              6.444949058252462
            ],
            [
              2.831870701571688,
              6.444864208116769
            ],
            [
              2.8349140226640657,
              6.445698126067725
            ],
            [
              2.8391626394442824,
              6.448657800317278
            ],
            [
              2.839451279552975,
              6.448805820632174
            ],
            [
              2.8582118685829414,
              6.449129903022651
            ],
            [
              2.8588359207411713,
              6.457046653880013
            ],
            [
              2.8586303636004686,
              6.46002967992581
            ],
            [
              2.8581183903514784,
              6.463170000994808
            ],
            [
              2.8600128086442282,
              6.4668426343801
            ],
            [
              2.864630738317942,
              6.469266819907887
            ],
            [
              2.8764748348457942,
              6.469935573767771
            ],
            [
              2.8842683965692686,
              6.474297454763757
            ],
            [
              2.8887866561792634,
              6.481257193864451
            ],
            [
              2.8893665543230895,
              6.4865282930463195
            ],
            [
              2.8879015838910504,
              6.494434513741851
            ],
            [
              2.8866470467238514,
              6.505693073376676
            ],
            [
              2.886232694883006,
              6.5093923114060885
            ],
            [
              2.88553154294641,
              6.511425637183436
            ],
            [
              2.8920100719073503,
              6.511495994744394
            ],
            [
              2.8976156226628973,
              6.511485673225309
            ],
            [
              2.909561877678584,
              6.511487953006679
            ],
            [
              2.914248482281664,
              6.5115232361085305
            ],
            [
              2.9174418075933772,
              6.5115352573462815
            ],
            [
              2.9188659416099654,
              6.5129485869077826
            ],
            [
              2.9229208174418204,
              6.512776892839383
            ],
            [
              2.9242992479120176,
              6.512696681406794
            ],
            [
              2.9254824409619005,
              6.512352198794986
            ],
            [
              2.9264818647463358,
              6.511858334294743
            ],
            [
              2.924782363715167,
              6.50819321474512
            ],
            [
              2.926540345860303,
              6.504654978744327
            ],
            [
              2.928584640668703,
              6.5069644854227136
            ],
            [
              2.930008764792717,
              6.508596066954965
            ],
            [
              2.9338797913193844,
              6.5085965885617725
            ],
            [
              2.93503995093306,
              6.508596738748565
            ],
            [
              2.9346836314445,
              6.510388917614478
            ],
            [
              2.9335578304296064,
              6.511124043240045
            ],
            [
              2.9326388680893274,
              6.511273273143104
            ],
            [
              2.9313752252864447,
              6.511985397707974
            ],
            [
              2.933672231388414,
              6.514685531212365
            ],
            [
              2.93511937276088,
              6.516271146596182
            ],
            [
              2.93664736228601,
              6.514421673721301
            ],
            [
              2.9376583576471376,
              6.5131925172209435
            ],
            [
              2.9432179359590123,
              6.513629740620104
            ],
            [
              2.947686287692079,
              6.513928927977702
            ],
            [
              2.950339731993097,
              6.514124501744391
            ],
            [
              2.9540156559977504,
              6.512688771869364
            ],
            [
              2.9542228139317785,
              6.508323113720792
            ],
            [
              2.953800771988085,
              6.502622709670391
            ],
            [
              2.954158496217701,
              6.5018468573466635
            ],
            [
              2.964197702861725,
              6.50183608616652
            ],
            [
              2.9736166938553765,
              6.501913256091939
            ],
            [
              2.9824377588955144,
              6.501885956271906
            ],
            [
              2.9886253994426966,
              6.501866806108239
            ],
            [
              2.9919760827301047,
              6.501856436025776
            ],
            [
              2.998772310693653,
              6.5018373506133
            ],
            [
              3.008555049575932,
              6.501894722863199
            ],
            [
              3.020233071898815,
              6.501817800251331
            ],
            [
              3.0278142137549935,
              6.501798292157503
            ],
            [
              3.029922674292038,
              6.501831585059676
            ],
            [
              3.031546108865882,
              6.501800848930088
            ],
            [
              3.0346734077515976,
              6.501857511614901
            ],
            [
              3.035757859737487,
              6.501877160003005
            ],
            [
              3.045922287083954,
              6.501010453669551
            ],
            [
              3.0598490300087633,
              6.501767656752008
            ],
            [
              3.0722554537262567,
              6.497199016221657
            ],
            [
              3.077245926658236,
              6.492390583158908
            ],
            [
              3.079941595028629,
              6.493676890675999
            ],
            [
              3.0846896772868035,
              6.495927889260713
            ],
            [
              3.089499078020083,
              6.498270740102612
            ],
            [
              3.091949748582067,
              6.499480436173258
            ],
            [
              3.093649860252924,
              6.500062213900094
            ],
            [
              3.094752600851905,
              6.5002458257843045
            ],
            [
              3.096117082837168,
              6.500392819972717
            ],
            [
              3.0969733534375337,
              6.500367951020166
            ],
            [
              3.0991423599319887,
              6.500234424179382
            ],
            [
              3.1030149036149623,
              6.499618730320208
            ]
          ]
        ]
      }
    }
  ]
}